fare_id,rider_category_id,price
1,5,3.2
2,5,1.8
3,5,4.25
4,5,1.8
5,5,3.65
6,5,2.95
7,5,2.85
8,5,2.75
9,5,2.65
10,5,2.6
11,5,2.55
12,5,2.5
13,5,2.45
14,5,2.45
15,5,2.45
16,5,2.6
17,5,2.7
18,5,2.85
19,5,3
20,5,3.15
21,5,3.3
22,5,3.6
23,5,3.75
24,5,3.15
25,5,3.75
26,5,4
27,5,3.7
28,5,1.8
29,5,3.6
30,5,3.35
31,5,3.3
32,5,3.1
33,5,2.85
34,5,2.55
35,5,2.4
36,5,2.15
37,5,2.15
38,5,2.15
39,5,2.15
40,5,2.05
41,5,2
42,5,1.9
43,5,1.8
44,5,1.8
45,5,6.05
46,5,4
47,5,4.4
48,5,4.55
49,5,4.1
50,5,4.45
51,5,1.8
52,5,3.2
53,5,4.25
54,5,1.8
55,5,3.8
56,5,3.1
57,5,2.95
58,5,2.9
59,5,2.8
60,5,2.75
61,5,2.7
62,5,2.65
63,5,2.6
64,5,2.6
65,5,2.6
66,5,2.75
67,5,2.85
68,5,3
69,5,3.15
70,5,3.3
71,5,3.45
72,5,3.75
73,5,3.9
74,5,3.3
75,5,3.9
76,5,4.15
77,5,3.85
78,5,1.8
79,5,3.75
80,5,3.5
81,5,3.4
82,5,3.2
83,5,3
84,5,2.7
85,5,2.55
86,5,2.4
87,5,2.4
88,5,2.4
89,5,2.4
90,5,2.3
91,5,2.25
92,5,2.1
93,5,2
94,5,1.8
95,5,6.2
96,5,4.15
97,5,4.55
98,5,4.7
99,5,4.2
100,5,4.55
101,5,4.25
102,5,4.25
103,5,3.2
104,5,2.45
105,5,6.4
106,5,5.65
107,5,5.55
108,5,5.45
109,5,5.35
110,5,5.35
111,5,5.3
112,5,5.2
113,5,5.15
114,5,5.15
115,5,5.15
116,5,5.3
117,5,5.4
118,5,5.6
119,5,5.7
120,5,5.85
121,5,6.05
122,5,6.3
123,5,6.5
124,5,5.85
125,5,6.5
126,5,6.7
127,5,6.45
128,5,4.45
129,5,6.3
130,5,6.1
131,5,6
132,5,5.8
133,5,5.6
134,5,5.3
135,5,5.1
136,5,5
137,5,5
138,5,5
139,5,5
140,5,4.95
141,5,4.9
142,5,4.75
143,5,4.7
144,5,4.55
145,5,8.8
146,5,6.75
147,5,7.15
148,5,7.3
149,5,6.8
150,5,7.15
151,5,1.8
152,5,1.8
153,5,2.45
154,5,3.2
155,5,4
156,5,3.3
157,5,3.15
158,5,3.05
159,5,2.95
160,5,2.95
161,5,2.9
162,5,2.8
163,5,2.75
164,5,2.75
165,5,2.75
166,5,2.9
167,5,3
168,5,3.2
169,5,3.3
170,5,3.5
171,5,3.65
172,5,3.9
173,5,4.1
174,5,3.45
175,5,4.1
176,5,4.3
177,5,4.05
178,5,2.05
179,5,3.9
180,5,3.7
181,5,3.6
182,5,3.4
183,5,3.2
184,5,2.9
185,5,2.7
186,5,2.6
187,5,2.6
188,5,2.6
189,5,2.6
190,5,2.55
191,5,2.5
192,5,2.4
193,5,2.3
194,5,2.2
195,5,6.4
196,5,4.35
197,5,4.75
198,5,4.9
199,5,4.4
200,5,4.75
201,5,3.65
202,5,3.8
203,5,6.4
204,5,4
205,5,3.2
206,5,2.85
207,5,2.75
208,5,2.65
209,5,2.55
210,5,2.5
211,5,2.5
212,5,2.4
213,5,2.35
214,5,2.35
215,5,2.35
216,5,2.2
217,5,2.1
218,5,1.95
219,5,1.05
220,5,1.95
221,5,2.15
222,5,2.4
223,5,2.6
224,5,1.05
225,5,1.05
226,5,3.8
227,5,3.5
228,5,3.55
229,5,3.4
230,5,3.2
231,5,3.1
232,5,2.9
233,5,2.7
234,5,2.4
235,5,2.4
236,5,3.3
237,5,3.3
238,5,3.3
239,5,3.3
240,5,3.35
241,5,3.4
242,5,3.45
243,5,3.5
244,5,3.6
245,5,5.45
246,5,2.85
247,5,3.25
248,5,3.35
249,5,3.9
250,5,4.25
251,5,2.95
252,5,3.1
253,5,5.65
254,5,3.3
255,5,2.85
256,5,3.2
257,5,1.05
258,5,1.05
259,5,1.05
260,5,1.05
261,5,1.05
262,5,1.5
263,5,1.6
264,5,1.6
265,5,1.6
266,5,1.75
267,5,1.9
268,5,2.05
269,5,2.2
270,5,2.35
271,5,2.5
272,5,2.8
273,5,2.95
274,5,2.35
275,5,2.95
276,5,3
277,5,2.7
278,5,2.85
279,5,2.6
280,5,2.35
281,5,2.25
282,5,2.1
283,5,1.85
284,5,1.5
285,5,1.7
286,5,2.6
287,5,2.6
288,5,2.6
289,5,2.6
290,5,2.65
291,5,2.65
292,5,2.75
293,5,2.8
294,5,2.85
295,5,5.25
296,5,3.2
297,5,3.6
298,5,3.75
299,5,3.05
300,5,3.45
301,5,2.85
302,5,2.95
303,5,5.55
304,5,3.15
305,5,2.75
306,5,1.05
307,5,3.2
308,5,1.05
309,5,1.05
310,5,1.05
311,5,1.05
312,5,1.3
313,5,1.4
314,5,1.4
315,5,1.4
316,5,1.65
317,5,1.75
318,5,1.95
319,5,2.05
320,5,2.2
321,5,2.4
322,5,2.65
323,5,2.85
324,5,2.2
325,5,2.85
326,5,2.85
327,5,2.6
328,5,2.7
329,5,2.5
330,5,2.25
331,5,2.15
332,5,1.95
333,5,1.75
334,5,1.3
335,5,1.5
336,5,2.5
337,5,2.5
338,5,2.5
339,5,2.5
340,5,2.5
341,5,2.55
342,5,2.65
343,5,2.65
344,5,2.75
345,5,5.15
346,5,3.1
347,5,3.5
348,5,3.65
349,5,2.95
350,5,3.3
351,5,2.75
352,5,2.9
353,5,5.45
354,5,3.05
355,5,2.65
356,5,1.05
357,5,1.05
358,5,3.2
359,5,1.05
360,5,1.05
361,5,1.05
362,5,1.15
363,5,1.25
364,5,1.25
365,5,1.25
366,5,1.5
367,5,1.7
368,5,1.85
369,5,1.95
370,5,2.15
371,5,2.3
372,5,2.55
373,5,2.75
374,5,2.15
375,5,2.75
376,5,2.8
377,5,2.5
378,5,2.65
379,5,2.4
380,5,2.15
381,5,2.05
382,5,1.85
383,5,1.6
384,5,1.15
385,5,1.35
386,5,2.4
387,5,2.4
388,5,2.4
389,5,2.4
390,5,2.45
391,5,2.45
392,5,2.55
393,5,2.6
394,5,2.65
395,5,5.05
396,5,3
397,5,3.4
398,5,3.55
399,5,2.85
400,5,3.25
401,5,2.65
402,5,2.8
403,5,5.35
404,5,2.95
405,5,2.55
406,5,1.05
407,5,1.05
408,5,1.05
409,5,3.2
410,5,1.05
411,5,1.05
412,5,1.05
413,5,1.05
414,5,1.05
415,5,1.05
416,5,1.35
417,5,1.5
418,5,1.75
419,5,1.85
420,5,2.05
421,5,2.2
422,5,2.45
423,5,2.65
424,5,2.05
425,5,2.65
426,5,2.7
427,5,2.4
428,5,2.55
429,5,2.3
430,5,2.05
431,5,1.95
432,5,1.75
433,5,1.45
434,5,1.05
435,5,1.15
436,5,2.3
437,5,2.3
438,5,2.3
439,5,2.3
440,5,2.3
441,5,2.35
442,5,2.45
443,5,2.45
444,5,2.55
445,5,4.85
446,5,2.9
447,5,3.3
448,5,3.45
449,5,2.75
450,5,3.1
451,5,2.6
452,5,2.75
453,5,5.35
454,5,2.95
455,5,2.5
456,5,1.05
457,5,1.05
458,5,1.05
459,5,1.05
460,5,3.2
461,5,1.05
462,5,1.05
463,5,1.05
464,5,1.05
465,5,1.05
466,5,1.25
467,5,1.45
468,5,1.7
469,5,1.85
470,5,2
471,5,2.15
472,5,2.45
473,5,2.65
474,5,2
475,5,2.6
476,5,2.65
477,5,2.35
478,5,2.5
479,5,2.25
480,5,2
481,5,1.95
482,5,1.7
483,5,1.35
484,5,1.05
485,5,1.1
486,5,2.25
487,5,2.25
488,5,2.25
489,5,2.25
490,5,2.3
491,5,2.3
492,5,2.4
493,5,2.45
494,5,2.5
495,5,4.8
496,5,2.85
497,5,3.25
498,5,3.4
499,5,2.75
500,5,3.1
501,5,2.55
502,5,2.7
503,5,5.3
504,5,2.9
505,5,2.5
506,5,1.05
507,5,1.05
508,5,1.05
509,5,1.05
510,5,1.05
511,5,3.2
512,5,1.05
513,5,1.05
514,5,1.05
515,5,1.05
516,5,1.15
517,5,1.35
518,5,1.6
519,5,1.8
520,5,1.95
521,5,2.1
522,5,2.4
523,5,2.6
524,5,1.95
525,5,2.55
526,5,2.65
527,5,2.35
528,5,2.45
529,5,2.25
530,5,2
531,5,1.9
532,5,1.65
533,5,1.3
534,5,1.05
535,5,1.05
536,5,2.15
537,5,2.15
538,5,2.15
539,5,2.15
540,5,2.25
541,5,2.25
542,5,2.35
543,5,2.4
544,5,2.45
545,5,4.7
546,5,2.8
547,5,3.2
548,5,3.35
549,5,2.7
550,5,3.05
551,5,2.5
552,5,2.65
553,5,5.2
554,5,2.8
555,5,2.4
556,5,1.5
557,5,1.3
558,5,1.15
559,5,1.05
560,5,1.05
561,5,1.05
562,5,3.2
563,5,1.05
564,5,1.05
565,5,1.05
566,5,1.05
567,5,1.25
568,5,1.5
569,5,1.7
570,5,1.9
571,5,2.05
572,5,2.3
573,5,2.5
574,5,1.9
575,5,2.5
576,5,2.65
577,5,2.35
578,5,2.4
579,5,2.25
580,5,2
581,5,1.9
582,5,1.6
583,5,1.05
584,5,1.05
585,5,1.05
586,5,2
587,5,2
588,5,2
589,5,2
590,5,2.1
591,5,2.15
592,5,2.3
593,5,2.3
594,5,2.4
595,5,4.6
596,5,2.75
597,5,3.15
598,5,3.3
599,5,2.7
600,5,3.05
601,5,2.45
602,5,2.6
603,5,5.15
604,5,2.75
605,5,2.35
606,5,1.6
607,5,1.4
608,5,1.25
609,5,1.05
610,5,1.05
611,5,1.05
612,5,1.05
613,5,3.2
614,5,1.05
615,5,1.05
616,5,1.05
617,5,1.05
618,5,1.35
619,5,1.6
620,5,1.85
621,5,2
622,5,2.25
623,5,2.45
624,5,1.85
625,5,2.45
626,5,2.65
627,5,2.35
628,5,2.35
629,5,2.25
630,5,2
631,5,1.95
632,5,1.7
633,5,1.35
634,5,1.05
635,5,1.05
636,5,1.9
637,5,1.9
638,5,1.9
639,5,1.9
640,5,2
641,5,2.05
642,5,2.2
643,5,2.25
644,5,2.35
645,5,4.4
646,5,2.7
647,5,3.1
648,5,3.25
649,5,2.75
650,5,3.1
651,5,2.45
652,5,2.6
653,5,5.15
654,5,2.75
655,5,2.35
656,5,1.6
657,5,1.4
658,5,1.25
659,5,1.05
660,5,1.05
661,5,1.05
662,5,1.05
663,5,1.05
664,5,3.2
665,5,1.05
666,5,1.05
667,5,1.05
668,5,1.35
669,5,1.6
670,5,1.85
671,5,2
672,5,2.25
673,5,2.45
674,5,1.85
675,5,2.45
676,5,2.65
677,5,2.35
678,5,2.35
679,5,2.25
680,5,2
681,5,1.95
682,5,1.7
683,5,1.35
684,5,1.05
685,5,1.05
686,5,1.9
687,5,1.9
688,5,1.9
689,5,1.9
690,5,2
691,5,2.05
692,5,2.2
693,5,2.25
694,5,2.35
695,5,4.4
696,5,2.7
697,5,3.1
698,5,3.25
699,5,2.75
700,5,3.1
701,5,2.45
702,5,2.6
703,5,5.15
704,5,2.75
705,5,2.35
706,5,1.6
707,5,1.4
708,5,1.25
709,5,1.05
710,5,1.05
711,5,1.05
712,5,1.05
713,5,1.05
714,5,1.05
715,5,3.2
716,5,1.05
717,5,1.05
718,5,1.35
719,5,1.6
720,5,1.85
721,5,2
722,5,2.25
723,5,2.45
724,5,1.85
725,5,2.45
726,5,2.65
727,5,2.35
728,5,2.35
729,5,2.25
730,5,2
731,5,1.95
732,5,1.7
733,5,1.35
734,5,1.05
735,5,1.05
736,5,1.9
737,5,1.9
738,5,1.9
739,5,1.9
740,5,2
741,5,2.05
742,5,2.2
743,5,2.25
744,5,2.35
745,5,4.4
746,5,2.7
747,5,3.1
748,5,3.25
749,5,2.75
750,5,3.1
751,5,2.6
752,5,2.75
753,5,5.3
754,5,2.9
755,5,2.2
756,5,1.75
757,5,1.65
758,5,1.5
759,5,1.35
760,5,1.25
761,5,1.15
762,5,1.05
763,5,1.05
764,5,1.05
765,5,1.05
766,5,3.2
767,5,1.05
768,5,1.05
769,5,1.35
770,5,1.6
771,5,1.85
772,5,2.1
773,5,2.3
774,5,1.6
775,5,2.3
776,5,2.75
777,5,2.45
778,5,2.5
779,5,2.35
780,5,2.1
781,5,2
782,5,1.8
783,5,1.5
784,5,1.1
785,5,1.05
786,5,2.15
787,5,2.15
788,5,2.15
789,5,2.15
790,5,2.25
791,5,2.3
792,5,2.4
793,5,2.4
794,5,2.5
795,5,4.4
796,5,2.55
797,5,2.95
798,5,3.1
799,5,2.8
800,5,3.15
801,5,2.7
802,5,2.85
803,5,5.4
804,5,3
805,5,2.1
806,5,1.9
807,5,1.75
808,5,1.7
809,5,1.5
810,5,1.45
811,5,1.35
812,5,1.25
813,5,1.05
814,5,1.05
815,5,1.05
816,5,1.05
817,5,3.2
818,5,1.05
819,5,1.05
820,5,1.4
821,5,1.65
822,5,2
823,5,2.2
824,5,1.4
825,5,2.2
826,5,2.85
827,5,2.55
828,5,2.6
829,5,2.45
830,5,2.2
831,5,2.15
832,5,1.95
833,5,1.7
834,5,1.25
835,5,1.2
836,5,2.3
837,5,2.3
838,5,2.3
839,5,2.3
840,5,2.4
841,5,2.4
842,5,2.5
843,5,2.55
844,5,2.6
845,5,3.35
846,5,2.45
847,5,2.85
848,5,3
849,5,2.95
850,5,3.3
851,5,2.85
852,5,3
853,5,5.6
854,5,3.2
855,5,1.95
856,5,2.05
857,5,1.95
858,5,1.85
859,5,1.75
860,5,1.7
861,5,1.6
862,5,1.5
863,5,1.35
864,5,1.35
865,5,1.35
866,5,1.05
867,5,1.05
868,5,3.2
869,5,1.05
870,5,1.05
871,5,1.4
872,5,1.8
873,5,2.05
874,5,1.05
875,5,2.05
876,5,3
877,5,2.7
878,5,2.75
879,5,2.6
880,5,2.4
881,5,2.3
882,5,2.1
883,5,1.9
884,5,1.5
885,5,1.45
886,5,2.5
887,5,2.5
888,5,2.5
889,5,2.5
890,5,2.55
891,5,2.55
892,5,2.65
893,5,2.7
894,5,2.75
895,5,4.4
896,5,2.3
897,5,2.7
898,5,2.8
899,5,3.1
900,5,3.45
901,5,3
902,5,3.15
903,5,5.7
904,5,3.3
905,5,1.05
906,5,2.2
907,5,2.05
908,5,1.95
909,5,1.85
910,5,1.85
911,5,1.8
912,5,1.7
913,5,1.6
914,5,1.6
915,5,1.6
916,5,1.35
917,5,1.05
918,5,1.05
919,5,3.2
920,5,1.05
921,5,1.05
922,5,1.05
923,5,1.05
924,5,1.05
925,5,1.05
926,5,3.15
927,5,2.85
928,5,2.9
929,5,2.75
930,5,2.5
931,5,2.4
932,5,2.2
933,5,2
934,5,1.7
935,5,1.7
936,5,2.65
937,5,2.65
938,5,2.65
939,5,2.65
940,5,2.7
941,5,2.7
942,5,2.8
943,5,2.85
944,5,2.9
945,5,4.4
946,5,2.15
947,5,2.55
948,5,2.7
949,5,3.2
950,5,3.55
951,5,3.15
952,5,3.3
953,5,5.85
954,5,3.5
955,5,1.95
956,5,2.35
957,5,2.2
958,5,2.15
959,5,2.05
960,5,2
961,5,1.95
962,5,1.9
963,5,1.85
964,5,1.85
965,5,1.85
966,5,1.6
967,5,1.4
968,5,1.05
969,5,1.05
970,5,3.2
971,5,1.05
972,5,1.05
973,5,1.05
974,5,1.05
975,5,2.05
976,5,3.3
977,5,3
978,5,3.05
979,5,2.9
980,5,2.65
981,5,2.6
982,5,2.4
983,5,2.15
984,5,1.9
985,5,1.9
986,5,2.8
987,5,2.8
988,5,2.8
989,5,2.8
990,5,2.85
991,5,2.85
992,5,2.95
993,5,3
994,5,3.05
995,5,4.75
996,5,2
997,5,2.4
998,5,2.55
999,5,3.35
1000,5,3.7
1001,5,3.3
1002,5,3.45
1003,5,6.05
1004,5,3.65
1005,5,2.15
1006,5,2.5
1007,5,2.4
1008,5,2.3
1009,5,2.2
1010,5,2.15
1011,5,2.1
1012,5,2.05
1013,5,2
1014,5,2
1015,5,2
1016,5,1.85
1017,5,1.65
1018,5,1.4
1019,5,1.05
1020,5,1.05
1021,5,3.2
1022,5,1.05
1023,5,1.05
1024,5,1.45
1025,5,2.2
1026,5,3.45
1027,5,3.15
1028,5,3.2
1029,5,3.05
1030,5,2.8
1031,5,2.75
1032,5,2.55
1033,5,2.35
1034,5,2.05
1035,5,2.05
1036,5,2.95
1037,5,2.95
1038,5,2.95
1039,5,2.95
1040,5,3
1041,5,3.05
1042,5,3.1
1043,5,3.15
1044,5,3.2
1045,5,5
1046,5,1.05
1047,5,2.25
1048,5,2.35
1049,5,3.55
1050,5,3.9
1051,5,3.6
1052,5,3.75
1053,5,6.3
1054,5,3.9
1055,5,2.4
1056,5,2.8
1057,5,2.65
1058,5,2.55
1059,5,2.45
1060,5,2.45
1061,5,2.4
1062,5,2.3
1063,5,2.25
1064,5,2.25
1065,5,2.25
1066,5,2.1
1067,5,2
1068,5,1.8
1069,5,1.05
1070,5,1.05
1071,5,1.05
1072,5,3.2
1073,5,1.05
1074,5,1.85
1075,5,2.5
1076,5,3.7
1077,5,3.45
1078,5,3.5
1079,5,3.35
1080,5,3.1
1081,5,3
1082,5,2.8
1083,5,2.6
1084,5,2.3
1085,5,2.3
1086,5,3.25
1087,5,3.25
1088,5,3.25
1089,5,3.25
1090,5,3.25
1091,5,3.3
1092,5,3.4
1093,5,3.4
1094,5,3.5
1095,5,5.35
1096,5,1.05
1097,5,1.95
1098,5,2.1
1099,5,3.8
1100,5,4.15
1101,5,3.75
1102,5,3.9
1103,5,6.5
1104,5,4.1
1105,5,2.6
1106,5,2.95
1107,5,2.85
1108,5,2.75
1109,5,2.65
1110,5,2.65
1111,5,2.6
1112,5,2.5
1113,5,2.45
1114,5,2.45
1115,5,2.45
1116,5,2.3
1117,5,2.2
1118,5,2.05
1119,5,1.05
1120,5,1.05
1121,5,1.05
1122,5,1.05
1123,5,3.2
1124,5,2.05
1125,5,2.7
1126,5,3.9
1127,5,3.65
1128,5,3.65
1129,5,3.5
1130,5,3.3
1131,5,3.2
1132,5,3
1133,5,2.8
1134,5,2.5
1135,5,2.5
1136,5,3.4
1137,5,3.4
1138,5,3.4
1139,5,3.4
1140,5,3.45
1141,5,3.5
1142,5,3.55
1143,5,3.6
1144,5,3.7
1145,5,5.55
1146,5,1.05
1147,5,1.7
1148,5,1.9
1149,5,4
1150,5,4.35
1151,5,3.15
1152,5,3.3
1153,5,5.85
1154,5,3.45
1155,5,1.05
1156,5,2.35
1157,5,2.2
1158,5,2.15
1159,5,2.05
1160,5,2
1161,5,1.95
1162,5,1.9
1163,5,1.85
1164,5,1.85
1165,5,1.85
1166,5,1.6
1167,5,1.4
1168,5,1.05
1169,5,1.05
1170,5,1.05
1171,5,1.45
1172,5,1.85
1173,5,2.05
1174,5,3.2
1175,5,1.05
1176,5,3.3
1177,5,3
1178,5,3.05
1179,5,2.9
1180,5,2.65
1181,5,2.6
1182,5,2.4
1183,5,2.15
1184,5,1.9
1185,5,1.9
1186,5,2.8
1187,5,2.8
1188,5,2.8
1189,5,2.8
1190,5,2.85
1191,5,2.85
1192,5,2.95
1193,5,3
1194,5,3.05
1195,5,4.75
1196,5,2.3
1197,5,2.7
1198,5,2.85
1199,5,3.4
1200,5,3.75
1201,5,3.75
1202,5,3.9
1203,5,6.5
1204,5,4.1
1205,5,1.05
1206,5,2.95
1207,5,2.85
1208,5,2.75
1209,5,2.65
1210,5,2.6
1211,5,2.55
1212,5,2.5
1213,5,2.45
1214,5,2.45
1215,5,2.45
1216,5,2.3
1217,5,2.2
1218,5,2.05
1219,5,1.05
1220,5,2.05
1221,5,2.2
1222,5,2.5
1223,5,2.7
1224,5,1.05
1225,5,3.2
1226,5,3.9
1227,5,3.6
1228,5,3.65
1229,5,3.5
1230,5,3.3
1231,5,3.2
1232,5,3
1233,5,2.8
1234,5,2.5
1235,5,2.5
1236,5,3.4
1237,5,3.4
1238,5,3.4
1239,5,3.4
1240,5,3.45
1241,5,3.5
1242,5,3.55
1243,5,3.6
1244,5,3.65
1245,5,5.55
1246,5,2.9
1247,5,3.3
1248,5,3.45
1249,5,4
1250,5,4.35
1251,5,4
1252,5,4.15
1253,5,6.7
1254,5,4.3
1255,5,3.8
1256,5,3
1257,5,2.85
1258,5,2.8
1259,5,2.7
1260,5,2.65
1261,5,2.65
1262,5,2.65
1263,5,2.65
1264,5,2.65
1265,5,2.65
1266,5,2.75
1267,5,2.85
1268,5,3
1269,5,3.15
1270,5,3.3
1271,5,3.45
1272,5,3.7
1273,5,3.9
1274,5,3.3
1275,5,3.9
1276,5,3.2
1277,5,1.05
1278,5,3.9
1279,5,1.05
1280,5,1.05
1281,5,1.05
1282,5,2.05
1283,5,2.25
1284,5,2.55
1285,5,2.7
1286,5,3.65
1287,5,3.65
1288,5,3.65
1289,5,3.65
1290,5,3.7
1291,5,3.7
1292,5,3.8
1293,5,3.85
1294,5,3.9
1295,5,6.2
1296,5,4.15
1297,5,4.55
1298,5,4.7
1299,5,1.05
1300,5,1.05
1301,5,3.7
1302,5,3.85
1303,5,6.45
1304,5,4.05
1305,5,3.5
1306,5,2.7
1307,5,2.6
1308,5,2.5
1309,5,2.4
1310,5,2.35
1311,5,2.35
1312,5,2.35
1313,5,2.35
1314,5,2.35
1315,5,2.35
1316,5,2.45
1317,5,2.55
1318,5,2.7
1319,5,2.85
1320,5,3
1321,5,3.15
1322,5,3.45
1323,5,3.65
1324,5,3
1325,5,3.6
1326,5,1.05
1327,5,3.2
1328,5,3.6
1329,5,1.05
1330,5,1.05
1331,5,1.05
1332,5,1.7
1333,5,1.95
1334,5,2.25
1335,5,2.45
1336,5,3.35
1337,5,3.35
1338,5,3.35
1339,5,3.35
1340,5,3.4
1341,5,3.4
1342,5,3.5
1343,5,3.55
1344,5,3.6
1345,5,5.9
1346,5,3.85
1347,5,4.25
1348,5,4.4
1349,5,1.05
1350,5,1.85
1351,5,1.8
1352,5,1.8
1353,5,4.45
1354,5,2.05
1355,5,3.55
1356,5,2.85
1357,5,2.7
1358,5,2.65
1359,5,2.55
1360,5,2.5
1361,5,2.45
1362,5,2.4
1363,5,2.35
1364,5,2.35
1365,5,2.35
1366,5,2.5
1367,5,2.6
1368,5,2.75
1369,5,2.9
1370,5,3.05
1371,5,3.2
1372,5,3.5
1373,5,3.65
1374,5,3.05
1375,5,3.65
1376,5,3.9
1377,5,3.6
1378,5,3.2
1379,5,3.5
1380,5,3.25
1381,5,3.15
1382,5,2.95
1383,5,2.75
1384,5,2.45
1385,5,2.3
1386,5,2
1387,5,2
1388,5,2
1389,5,2
1390,5,1.9
1391,5,1.85
1392,5,1.8
1393,5,1.8
1394,5,1.8
1395,5,5.95
1396,5,3.9
1397,5,4.3
1398,5,4.45
1399,5,3.95
1400,5,4.35
1401,5,3.6
1402,5,3.75
1403,5,6.3
1404,5,3.9
1405,5,3.4
1406,5,2.6
1407,5,2.5
1408,5,2.4
1409,5,2.3
1410,5,2.25
1411,5,2.25
1412,5,2.25
1413,5,2.25
1414,5,2.25
1415,5,2.25
1416,5,2.35
1417,5,2.45
1418,5,2.6
1419,5,2.75
1420,5,2.9
1421,5,3.05
1422,5,3.35
1423,5,3.5
1424,5,2.9
1425,5,3.5
1426,5,1.05
1427,5,1.05
1428,5,3.5
1429,5,3.2
1430,5,1.05
1431,5,1.05
1432,5,1.05
1433,5,1.05
1434,5,2.15
1435,5,2.3
1436,5,3.25
1437,5,3.25
1438,5,3.25
1439,5,3.25
1440,5,3.3
1441,5,3.3
1442,5,3.4
1443,5,3.45
1444,5,3.5
1445,5,5.8
1446,5,3.75
1447,5,4.15
1448,5,4.3
1449,5,1.05
1450,5,1.95
1451,5,3.35
1452,5,3.5
1453,5,6.1
1454,5,3.7
1455,5,3.2
1456,5,2.35
1457,5,2.25
1458,5,2.15
1459,5,2.05
1460,5,2
1461,5,2
1462,5,2
1463,5,2
1464,5,2
1465,5,2
1466,5,2.1
1467,5,2.2
1468,5,2.4
1469,5,2.5
1470,5,2.65
1471,5,2.8
1472,5,3.1
1473,5,3.3
1474,5,2.65
1475,5,3.3
1476,5,1.05
1477,5,1.05
1478,5,3.25
1479,5,1.05
1480,5,3.2
1481,5,1.05
1482,5,1.05
1483,5,1.05
1484,5,1.9
1485,5,2.1
1486,5,3
1487,5,3
1488,5,3
1489,5,3
1490,5,3.05
1491,5,3.1
1492,5,3.15
1493,5,3.2
1494,5,3.25
1495,5,5.55
1496,5,3.55
1497,5,3.95
1498,5,4.05
1499,5,1.85
1500,5,2.2
1501,5,3.3
1502,5,3.4
1503,5,6
1504,5,3.6
1505,5,3.1
1506,5,2.25
1507,5,2.15
1508,5,2.05
1509,5,1.95
1510,5,1.95
1511,5,1.9
1512,5,1.9
1513,5,1.95
1514,5,1.95
1515,5,1.95
1516,5,2
1517,5,2.15
1518,5,2.3
1519,5,2.4
1520,5,2.6
1521,5,2.75
1522,5,3
1523,5,3.2
1524,5,2.6
1525,5,3.2
1526,5,1.05
1527,5,1.05
1528,5,3.15
1529,5,1.05
1530,5,1.05
1531,5,3.2
1532,5,1.05
1533,5,1.05
1534,5,1.8
1535,5,2
1536,5,2.9
1537,5,2.9
1538,5,2.9
1539,5,2.9
1540,5,2.95
1541,5,3
1542,5,3.05
1543,5,3.1
1544,5,3.2
1545,5,5.5
1546,5,3.45
1547,5,3.85
1548,5,4
1549,5,1.95
1550,5,2.3
1551,5,3.1
1552,5,3.2
1553,5,5.8
1554,5,3.4
1555,5,2.9
1556,5,2.1
1557,5,1.95
1558,5,1.85
1559,5,1.75
1560,5,1.7
1561,5,1.65
1562,5,1.6
1563,5,1.7
1564,5,1.7
1565,5,1.7
1566,5,1.8
1567,5,1.95
1568,5,2.1
1569,5,2.2
1570,5,2.4
1571,5,2.55
1572,5,2.8
1573,5,3
1574,5,2.4
1575,5,3
1576,5,2.05
1577,5,1.7
1578,5,2.95
1579,5,1.05
1580,5,1.05
1581,5,1.05
1582,5,3.2
1583,5,1.05
1584,5,1.5
1585,5,1.8
1586,5,2.75
1587,5,2.75
1588,5,2.75
1589,5,2.75
1590,5,2.75
1591,5,2.8
1592,5,2.9
1593,5,2.9
1594,5,3
1595,5,5.3
1596,5,3.25
1597,5,3.65
1598,5,3.8
1599,5,2.15
1600,5,2.5
1601,5,2.85
1602,5,3
1603,5,5.6
1604,5,3.2
1605,5,2.7
1606,5,1.85
1607,5,1.75
1608,5,1.6
1609,5,1.45
1610,5,1.35
1611,5,1.3
1612,5,1.05
1613,5,1.35
1614,5,1.35
1615,5,1.35
1616,5,1.5
1617,5,1.7
1618,5,1.9
1619,5,2
1620,5,2.15
1621,5,2.35
1622,5,2.6
1623,5,2.8
1624,5,2.15
1625,5,2.8
1626,5,2.25
1627,5,1.95
1628,5,2.75
1629,5,1.05
1630,5,1.05
1631,5,1.05
1632,5,1.05
1633,5,3.2
1634,5,1.05
1635,5,1.45
1636,5,2.5
1637,5,2.5
1638,5,2.5
1639,5,2.5
1640,5,2.55
1641,5,2.6
1642,5,2.65
1643,5,2.7
1644,5,2.8
1645,5,5.05
1646,5,3.05
1647,5,3.45
1648,5,3.55
1649,5,2.35
1650,5,2.7
1651,5,2.55
1652,5,2.7
1653,5,5.3
1654,5,2.9
1655,5,2.4
1656,5,1.5
1657,5,1.3
1658,5,1.15
1659,5,1.05
1660,5,1.05
1661,5,1.05
1662,5,1.05
1663,5,1.05
1664,5,1.05
1665,5,1.05
1666,5,1.1
1667,5,1.25
1668,5,1.5
1669,5,1.7
1670,5,1.9
1671,5,2.05
1672,5,2.3
1673,5,2.5
1674,5,1.9
1675,5,2.5
1676,5,2.55
1677,5,2.25
1678,5,2.45
1679,5,2.15
1680,5,1.9
1681,5,1.8
1682,5,1.5
1683,5,1.05
1684,5,3.2
1685,5,1.05
1686,5,2.15
1687,5,2.15
1688,5,2.15
1689,5,2.15
1690,5,2.25
1691,5,2.3
1692,5,2.35
1693,5,2.4
1694,5,2.45
1695,5,4.6
1696,5,2.75
1697,5,3.15
1698,5,3.3
1699,5,2.65
1700,5,3
1701,5,2.4
1702,5,2.55
1703,5,5.1
1704,5,2.7
1705,5,2.4
1706,5,1.7
1707,5,1.5
1708,5,1.35
1709,5,1.15
1710,5,1.1
1711,5,1.05
1712,5,1.05
1713,5,1.05
1714,5,1.05
1715,5,1.05
1716,5,1.05
1717,5,1.2
1718,5,1.45
1719,5,1.7
1720,5,1.9
1721,5,2.05
1722,5,2.3
1723,5,2.5
1724,5,1.9
1725,5,2.5
1726,5,2.7
1727,5,2.45
1728,5,2.3
1729,5,2.3
1730,5,2.1
1731,5,2
1732,5,1.8
1733,5,1.45
1734,5,1.05
1735,5,3.2
1736,5,1.75
1737,5,1.75
1738,5,1.75
1739,5,1.75
1740,5,1.9
1741,5,1.95
1742,5,2.1
1743,5,2.2
1744,5,2.3
1745,5,4.55
1746,5,2.75
1747,5,3.15
1748,5,3.3
1749,5,2.8
1750,5,3.15
1751,5,2.15
1752,5,2.4
1753,5,5
1754,5,2.6
1755,5,3.3
1756,5,2.6
1757,5,2.5
1758,5,2.4
1759,5,2.3
1760,5,2.25
1761,5,2.15
1762,5,2
1763,5,1.9
1764,5,1.9
1765,5,1.9
1766,5,2.15
1767,5,2.3
1768,5,2.5
1769,5,2.65
1770,5,2.8
1771,5,2.95
1772,5,3.25
1773,5,3.4
1774,5,2.8
1775,5,3.4
1776,5,3.65
1777,5,3.35
1778,5,2
1779,5,3.25
1780,5,3
1781,5,2.9
1782,5,2.75
1783,5,2.5
1784,5,2.15
1785,5,1.75
1786,5,3.2
1787,5,1.05
1788,5,1.05
1789,5,1.05
1790,5,1.05
1791,5,1.05
1792,5,1.05
1793,5,1.05
1794,5,1.8
1795,5,5.7
1796,5,3.65
1797,5,4.05
1798,5,4.2
1799,5,3.7
1800,5,4.1
1801,5,2.15
1802,5,2.4
1803,5,5
1804,5,2.6
1805,5,3.3
1806,5,2.6
1807,5,2.5
1808,5,2.4
1809,5,2.3
1810,5,2.25
1811,5,2.15
1812,5,2
1813,5,1.9
1814,5,1.9
1815,5,1.9
1816,5,2.15
1817,5,2.3
1818,5,2.5
1819,5,2.65
1820,5,2.8
1821,5,2.95
1822,5,3.25
1823,5,3.4
1824,5,2.8
1825,5,3.4
1826,5,3.65
1827,5,3.35
1828,5,2
1829,5,3.25
1830,5,3
1831,5,2.9
1832,5,2.75
1833,5,2.5
1834,5,2.15
1835,5,1.75
1836,5,1.05
1837,5,3.2
1838,5,1.05
1839,5,1.05
1840,5,1.05
1841,5,1.05
1842,5,1.05
1843,5,1.05
1844,5,1.8
1845,5,5.7
1846,5,3.65
1847,5,4.05
1848,5,4.2
1849,5,3.7
1850,5,4.1
1851,5,2.15
1852,5,2.4
1853,5,5
1854,5,2.6
1855,5,3.3
1856,5,2.6
1857,5,2.5
1858,5,2.4
1859,5,2.3
1860,5,2.25
1861,5,2.15
1862,5,2
1863,5,1.9
1864,5,1.9
1865,5,1.9
1866,5,2.15
1867,5,2.3
1868,5,2.5
1869,5,2.65
1870,5,2.8
1871,5,2.95
1872,5,3.25
1873,5,3.4
1874,5,2.8
1875,5,3.4
1876,5,3.65
1877,5,3.35
1878,5,2
1879,5,3.25
1880,5,3
1881,5,2.9
1882,5,2.75
1883,5,2.5
1884,5,2.15
1885,5,1.75
1886,5,1.05
1887,5,1.05
1888,5,3.2
1889,5,1.05
1890,5,1.05
1891,5,1.05
1892,5,1.05
1893,5,1.05
1894,5,1.8
1895,5,5.7
1896,5,3.65
1897,5,4.05
1898,5,4.2
1899,5,3.7
1900,5,4.1
1901,5,2.15
1902,5,2.4
1903,5,5
1904,5,2.6
1905,5,3.3
1906,5,2.6
1907,5,2.5
1908,5,2.4
1909,5,2.3
1910,5,2.25
1911,5,2.15
1912,5,2
1913,5,1.9
1914,5,1.9
1915,5,1.9
1916,5,2.15
1917,5,2.3
1918,5,2.5
1919,5,2.65
1920,5,2.8
1921,5,2.95
1922,5,3.25
1923,5,3.4
1924,5,2.8
1925,5,3.4
1926,5,3.65
1927,5,3.35
1928,5,2
1929,5,3.25
1930,5,3
1931,5,2.9
1932,5,2.75
1933,5,2.5
1934,5,2.15
1935,5,1.75
1936,5,1.05
1937,5,1.05
1938,5,1.05
1939,5,3.2
1940,5,1.05
1941,5,1.05
1942,5,1.05
1943,5,1.05
1944,5,1.8
1945,5,5.7
1946,5,3.65
1947,5,4.05
1948,5,4.2
1949,5,3.7
1950,5,4.1
1951,5,2.05
1952,5,2.3
1953,5,4.95
1954,5,2.55
1955,5,3.35
1956,5,2.65
1957,5,2.5
1958,5,2.45
1959,5,2.3
1960,5,2.3
1961,5,2.25
1962,5,2.1
1963,5,2
1964,5,2
1965,5,2
1966,5,2.25
1967,5,2.4
1968,5,2.55
1969,5,2.7
1970,5,2.85
1971,5,3
1972,5,3.25
1973,5,3.45
1974,5,2.85
1975,5,3.45
1976,5,3.7
1977,5,3.4
1978,5,1.9
1979,5,3.3
1980,5,3.05
1981,5,2.95
1982,5,2.75
1983,5,2.55
1984,5,2.25
1985,5,1.9
1986,5,1.05
1987,5,1.05
1988,5,1.05
1989,5,1.05
1990,5,3.2
1991,5,1.05
1992,5,1.05
1993,5,1.05
1994,5,1.7
1995,5,5.75
1996,5,3.7
1997,5,4.1
1998,5,4.25
1999,5,3.75
2000,5,4.1
2001,5,2
2002,5,2.25
2003,5,4.9
2004,5,2.5
2005,5,3.4
2006,5,2.65
2007,5,2.55
2008,5,2.45
2009,5,2.35
2010,5,2.3
2011,5,2.25
2012,5,2.15
2013,5,2.05
2014,5,2.05
2015,5,2.05
2016,5,2.3
2017,5,2.4
2018,5,2.55
2019,5,2.7
2020,5,2.85
2021,5,3.05
2022,5,3.3
2023,5,3.5
2024,5,2.85
2025,5,3.5
2026,5,3.7
2027,5,3.4
2028,5,1.85
2029,5,3.3
2030,5,3.1
2031,5,3
2032,5,2.8
2033,5,2.6
2034,5,2.3
2035,5,1.95
2036,5,1.05
2037,5,1.05
2038,5,1.05
2039,5,1.05
2040,5,1.05
2041,5,3.2
2042,5,1.05
2043,5,1.05
2044,5,1.7
2045,5,5.75
2046,5,3.75
2047,5,4.15
2048,5,4.25
2049,5,3.8
2050,5,4.15
2051,5,1.9
2052,5,2.1
2053,5,4.75
2054,5,2.4
2055,5,3.45
2056,5,2.75
2057,5,2.65
2058,5,2.55
2059,5,2.45
2060,5,2.4
2061,5,2.35
2062,5,2.3
2063,5,2.2
2064,5,2.2
2065,5,2.2
2066,5,2.4
2067,5,2.5
2068,5,2.65
2069,5,2.8
2070,5,2.95
2071,5,3.1
2072,5,3.4
2073,5,3.55
2074,5,2.95
2075,5,3.55
2076,5,3.8
2077,5,3.5
2078,5,1.8
2079,5,3.4
2080,5,3.15
2081,5,3.05
2082,5,2.9
2083,5,2.65
2084,5,2.35
2085,5,2.1
2086,5,1.05
2087,5,1.05
2088,5,1.05
2089,5,1.05
2090,5,1.05
2091,5,1.05
2092,5,3.2
2093,5,1.05
2094,5,1.7
2095,5,5.85
2096,5,3.8
2097,5,4.2
2098,5,4.35
2099,5,3.9
2100,5,4.25
2101,5,1.8
2102,5,2
2103,5,4.7
2104,5,2.3
2105,5,3.5
2106,5,2.8
2107,5,2.65
2108,5,2.6
2109,5,2.45
2110,5,2.45
2111,5,2.4
2112,5,2.3
2113,5,2.25
2114,5,2.25
2115,5,2.25
2116,5,2.4
2117,5,2.55
2118,5,2.7
2119,5,2.85
2120,5,3
2121,5,3.15
2122,5,3.4
2123,5,3.6
2124,5,3
2125,5,3.6
2126,5,3.85
2127,5,3.55
2128,5,1.8
2129,5,3.45
2130,5,3.2
2131,5,3.1
2132,5,2.9
2133,5,2.7
2134,5,2.4
2135,5,2.2
2136,5,1.05
2137,5,1.05
2138,5,1.05
2139,5,1.05
2140,5,1.05
2141,5,1.05
2142,5,1.05
2143,5,3.2
2144,5,1.7
2145,5,5.9
2146,5,3.85
2147,5,4.25
2148,5,4.4
2149,5,3.9
2150,5,4.25
2151,5,1.8
2152,5,1.8
2153,5,4.55
2154,5,2.2
2155,5,3.6
2156,5,2.85
2157,5,2.75
2158,5,2.65
2159,5,2.55
2160,5,2.5
2161,5,2.45
2162,5,2.4
2163,5,2.35
2164,5,2.35
2165,5,2.35
2166,5,2.5
2167,5,2.6
2168,5,2.75
2169,5,2.9
2170,5,3.05
2171,5,3.2
2172,5,3.5
2173,5,3.7
2174,5,3.05
2175,5,3.65
2176,5,3.9
2177,5,3.6
2178,5,1.8
2179,5,3.5
2180,5,3.25
2181,5,3.2
2182,5,3
2183,5,2.8
2184,5,2.45
2185,5,2.3
2186,5,1.8
2187,5,1.8
2188,5,1.8
2189,5,1.8
2190,5,1.7
2191,5,1.7
2192,5,1.7
2193,5,1.7
2194,5,3.2
2195,5,5.95
2196,5,3.9
2197,5,4.3
2198,5,4.45
2199,5,4
2200,5,4.35
2201,5,6.05
2202,5,6.2
2203,5,8.8
2204,5,6.4
2205,5,5.45
2206,5,5.25
2207,5,5.15
2208,5,5.05
2209,5,4.85
2210,5,4.8
2211,5,4.7
2212,5,4.6
2213,5,4.4
2214,5,4.4
2215,5,4.4
2216,5,4.4
2217,5,3.35
2218,5,4.4
2219,5,4.4
2220,5,4.75
2221,5,5
2222,5,5.35
2223,5,5.55
2224,5,4.75
2225,5,5.55
2226,5,6.2
2227,5,5.9
2228,5,5.95
2229,5,5.8
2230,5,5.55
2231,5,5.5
2232,5,5.3
2233,5,5.05
2234,5,4.6
2235,5,4.55
2236,5,5.7
2237,5,5.7
2238,5,5.7
2239,5,5.7
2240,5,5.75
2241,5,5.75
2242,5,5.85
2243,5,5.9
2244,5,5.95
2245,5,3.2
2246,5,5.8
2247,5,6.2
2248,5,6.35
2249,5,6.3
2250,5,6.65
2251,5,4
2252,5,4.15
2253,5,6.75
2254,5,4.35
2255,5,2.85
2256,5,3.2
2257,5,3.1
2258,5,3
2259,5,2.9
2260,5,2.85
2261,5,2.8
2262,5,2.75
2263,5,2.7
2264,5,2.7
2265,5,2.7
2266,5,2.55
2267,5,2.45
2268,5,2.3
2269,5,2.15
2270,5,2
2271,5,1.05
2272,5,1.05
2273,5,1.05
2274,5,2.3
2275,5,2.9
2276,5,4.15
2277,5,3.85
2278,5,3.9
2279,5,3.75
2280,5,3.55
2281,5,3.45
2282,5,3.25
2283,5,3.05
2284,5,2.75
2285,5,2.75
2286,5,3.65
2287,5,3.65
2288,5,3.65
2289,5,3.65
2290,5,3.7
2291,5,3.75
2292,5,3.8
2293,5,3.85
2294,5,3.9
2295,5,5.8
2296,5,3.2
2297,5,1.3
2298,5,1.55
2299,5,4.25
2300,5,4.6
2301,5,4.4
2302,5,4.55
2303,5,7.15
2304,5,4.75
2305,5,3.25
2306,5,3.6
2307,5,3.5
2308,5,3.4
2309,5,3.3
2310,5,3.25
2311,5,3.2
2312,5,3.15
2313,5,3.1
2314,5,3.1
2315,5,3.1
2316,5,2.95
2317,5,2.85
2318,5,2.7
2319,5,2.55
2320,5,2.4
2321,5,2.25
2322,5,1.95
2323,5,1.7
2324,5,2.7
2325,5,3.3
2326,5,4.55
2327,5,4.25
2328,5,4.3
2329,5,4.15
2330,5,3.95
2331,5,3.85
2332,5,3.65
2333,5,3.45
2334,5,3.15
2335,5,3.15
2336,5,4.05
2337,5,4.05
2338,5,4.05
2339,5,4.05
2340,5,4.1
2341,5,4.15
2342,5,4.2
2343,5,4.25
2344,5,4.3
2345,5,6.2
2346,5,1.3
2347,5,3.2
2348,5,1.05
2349,5,4.65
2350,5,5
2351,5,4.55
2352,5,4.7
2353,5,7.3
2354,5,4.9
2355,5,3.35
2356,5,3.75
2357,5,3.65
2358,5,3.55
2359,5,3.45
2360,5,3.4
2361,5,3.35
2362,5,3.3
2363,5,3.25
2364,5,3.25
2365,5,3.25
2366,5,3.1
2367,5,3
2368,5,2.8
2369,5,2.7
2370,5,2.55
2371,5,2.35
2372,5,2.1
2373,5,1.9
2374,5,2.85
2375,5,3.45
2376,5,4.7
2377,5,4.4
2378,5,4.45
2379,5,4.3
2380,5,4.05
2381,5,4
2382,5,3.8
2383,5,3.55
2384,5,3.3
2385,5,3.3
2386,5,4.2
2387,5,4.2
2388,5,4.2
2389,5,4.2
2390,5,4.25
2391,5,4.25
2392,5,4.35
2393,5,4.4
2394,5,4.45
2395,5,6.35
2396,5,1.55
2397,5,1.05
2398,5,3.2
2399,5,4.8
2400,5,5.15
2401,5,4.1
2402,5,4.2
2403,5,6.8
2404,5,4.4
2405,5,3.9
2406,5,3.05
2407,5,2.95
2408,5,2.85
2409,5,2.75
2410,5,2.75
2411,5,2.7
2412,5,2.7
2413,5,2.75
2414,5,2.75
2415,5,2.75
2416,5,2.8
2417,5,2.95
2418,5,3.1
2419,5,3.2
2420,5,3.35
2421,5,3.55
2422,5,3.8
2423,5,4
2424,5,3.4
2425,5,4
2426,5,1.05
2427,5,1.05
2428,5,3.95
2429,5,1.05
2430,5,1.85
2431,5,1.95
2432,5,2.15
2433,5,2.35
2434,5,2.65
2435,5,2.8
2436,5,3.7
2437,5,3.7
2438,5,3.7
2439,5,3.7
2440,5,3.75
2441,5,3.8
2442,5,3.9
2443,5,3.9
2444,5,4
2445,5,6.3
2446,5,4.25
2447,5,4.65
2448,5,4.8
2449,5,3.2
2450,5,1.05
2451,5,4.45
2452,5,4.55
2453,5,7.15
2454,5,4.75
2455,5,4.25
2456,5,3.45
2457,5,3.3
2458,5,3.25
2459,5,3.1
2460,5,3.1
2461,5,3.05
2462,5,3.05
2463,5,3.1
2464,5,3.1
2465,5,3.1
2466,5,3.15
2467,5,3.3
2468,5,3.45
2469,5,3.55
2470,5,3.7
2471,5,3.9
2472,5,4.15
2473,5,4.35
2474,5,3.75
2475,5,4.35
2476,5,1.05
2477,5,1.85
2478,5,4.35
2479,5,1.95
2480,5,2.2
2481,5,2.3
2482,5,2.5
2483,5,2.7
2484,5,3
2485,5,3.15
2486,5,4.1
2487,5,4.1
2488,5,4.1
2489,5,4.1
2490,5,4.1
2491,5,4.15
2492,5,4.25
2493,5,4.25
2494,5,4.35
2495,5,6.65
2496,5,4.6
2497,5,5
2498,5,5.15
2499,5,1.05
2500,5,3.2
1,2,2.4
2,2,1.35
3,2,3.2
4,2,1.35
5,2,2.75
6,2,2.2
7,2,2.1
8,2,2.05
9,2,1.95
10,2,1.95
11,2,1.9
12,2,1.85
13,2,1.8
14,2,1.8
15,2,1.8
16,2,1.95
17,2,2
18,2,2.15
19,2,2.25
20,2,2.35
21,2,2.45
22,2,2.7
23,2,2.8
24,2,2.35
25,2,2.8
26,2,3
27,2,2.75
28,2,1.35
29,2,2.7
30,2,2.5
31,2,2.45
32,2,2.3
33,2,2.15
34,2,1.9
35,2,1.8
36,2,1.6
37,2,1.6
38,2,1.6
39,2,1.6
40,2,1.55
41,2,1.5
42,2,1.4
43,2,1.35
44,2,1.35
45,2,4.5
46,2,3
47,2,3.3
48,2,3.4
49,2,3.05
50,2,3.3
51,2,1.35
52,2,2.4
53,2,3.2
54,2,1.35
55,2,2.85
56,2,2.3
57,2,2.2
58,2,2.15
59,2,2.1
60,2,2.05
61,2,2
62,2,1.95
63,2,1.95
64,2,1.95
65,2,1.95
66,2,2.05
67,2,2.1
68,2,2.25
69,2,2.35
70,2,2.45
71,2,2.6
72,2,2.8
73,2,2.9
74,2,2.45
75,2,2.9
76,2,3.1
77,2,2.85
78,2,1.35
79,2,2.8
80,2,2.6
81,2,2.55
82,2,2.4
83,2,2.25
84,2,2
85,2,1.9
86,2,1.8
87,2,1.8
88,2,1.8
89,2,1.8
90,2,1.7
91,2,1.65
92,2,1.55
93,2,1.5
94,2,1.35
95,2,4.65
96,2,3.1
97,2,3.4
98,2,3.5
99,2,3.15
100,2,3.4
101,2,3.2
102,2,3.2
103,2,2.4
104,2,1.85
105,2,4.8
106,2,4.25
107,2,4.15
108,2,4.1
109,2,4
110,2,4
111,2,3.95
112,2,3.9
113,2,3.85
114,2,3.85
115,2,3.85
116,2,3.95
117,2,4.05
118,2,4.2
119,2,4.25
120,2,4.4
121,2,4.5
122,2,4.7
123,2,4.85
124,2,4.4
125,2,4.85
126,2,5
127,2,4.8
128,2,3.3
129,2,4.7
130,2,4.55
131,2,4.5
132,2,4.35
133,2,4.2
134,2,3.95
135,2,3.8
136,2,3.75
137,2,3.75
138,2,3.75
139,2,3.75
140,2,3.7
141,2,3.65
142,2,3.55
143,2,3.5
144,2,3.4
145,2,6.6
146,2,5.05
147,2,5.35
148,2,5.45
149,2,5.1
150,2,5.35
151,2,1.35
152,2,1.35
153,2,1.85
154,2,2.4
155,2,3
156,2,2.45
157,2,2.35
158,2,2.3
159,2,2.2
160,2,2.2
161,2,2.15
162,2,2.1
163,2,2.05
164,2,2.05
165,2,2.05
166,2,2.15
167,2,2.25
168,2,2.4
169,2,2.45
170,2,2.6
171,2,2.7
172,2,2.9
173,2,3.05
174,2,2.6
175,2,3.05
176,2,3.2
177,2,3
178,2,1.55
179,2,2.9
180,2,2.75
181,2,2.7
182,2,2.55
183,2,2.4
184,2,2.15
185,2,2
186,2,1.95
187,2,1.95
188,2,1.95
189,2,1.95
190,2,1.9
191,2,1.85
192,2,1.8
193,2,1.7
194,2,1.65
195,2,4.8
196,2,3.25
197,2,3.55
198,2,3.65
199,2,3.3
200,2,3.55
201,2,2.75
202,2,2.85
203,2,4.8
204,2,3
205,2,2.4
206,2,2.15
207,2,2.05
208,2,2
209,2,1.9
210,2,1.85
211,2,1.85
212,2,1.8
213,2,1.75
214,2,1.75
215,2,1.75
216,2,1.65
217,2,1.55
218,2,1.45
219,2,0.8
220,2,1.45
221,2,1.6
222,2,1.8
223,2,1.95
224,2,0.8
225,2,0.8
226,2,2.85
227,2,2.6
228,2,2.65
229,2,2.55
230,2,2.4
231,2,2.3
232,2,2.15
233,2,2
234,2,1.8
235,2,1.8
236,2,2.45
237,2,2.45
238,2,2.45
239,2,2.45
240,2,2.5
241,2,2.55
242,2,2.6
243,2,2.6
244,2,2.7
245,2,4.1
246,2,2.1
247,2,2.4
248,2,2.5
249,2,2.9
250,2,3.2
251,2,2.2
252,2,2.3
253,2,4.25
254,2,2.45
255,2,2.15
256,2,2.4
257,2,0.8
258,2,0.8
259,2,0.8
260,2,0.8
261,2,0.8
262,2,1.1
263,2,1.2
264,2,1.2
265,2,1.2
266,2,1.3
267,2,1.4
268,2,1.55
269,2,1.65
270,2,1.75
271,2,1.85
272,2,2.1
273,2,2.2
274,2,1.75
275,2,2.2
276,2,2.25
277,2,2
278,2,2.1
279,2,1.95
280,2,1.75
281,2,1.7
282,2,1.55
283,2,1.4
284,2,1.1
285,2,1.25
286,2,1.95
287,2,1.95
288,2,1.95
289,2,1.95
290,2,1.95
291,2,2
292,2,2.05
293,2,2.1
294,2,2.15
295,2,3.9
296,2,2.4
297,2,2.7
298,2,2.8
299,2,2.3
300,2,2.55
301,2,2.1
302,2,2.2
303,2,4.15
304,2,2.35
305,2,2.05
306,2,0.8
307,2,2.4
308,2,0.8
309,2,0.8
310,2,0.8
311,2,0.8
312,2,0.95
313,2,1.05
314,2,1.05
315,2,1.05
316,2,1.25
317,2,1.3
318,2,1.45
319,2,1.55
320,2,1.65
321,2,1.8
322,2,2
323,2,2.15
324,2,1.65
325,2,2.1
326,2,2.15
327,2,1.95
328,2,2
329,2,1.85
330,2,1.65
331,2,1.6
332,2,1.45
333,2,1.3
334,2,0.95
335,2,1.1
336,2,1.85
337,2,1.85
338,2,1.85
339,2,1.85
340,2,1.85
341,2,1.9
342,2,1.95
343,2,2
344,2,2.05
345,2,3.85
346,2,2.3
347,2,2.6
348,2,2.7
349,2,2.2
350,2,2.45
351,2,2.05
352,2,2.15
353,2,4.1
354,2,2.3
355,2,2
356,2,0.8
357,2,0.8
358,2,2.4
359,2,0.8
360,2,0.8
361,2,0.8
362,2,0.85
363,2,0.95
364,2,0.95
365,2,0.95
366,2,1.1
367,2,1.25
368,2,1.35
369,2,1.45
370,2,1.6
371,2,1.7
372,2,1.9
373,2,2.05
374,2,1.6
375,2,2.05
376,2,2.1
377,2,1.85
378,2,1.95
379,2,1.8
380,2,1.6
381,2,1.55
382,2,1.4
383,2,1.2
384,2,0.85
385,2,1
386,2,1.8
387,2,1.8
388,2,1.8
389,2,1.8
390,2,1.8
391,2,1.85
392,2,1.9
393,2,1.95
394,2,1.95
395,2,3.75
396,2,2.25
397,2,2.55
398,2,2.65
399,2,2.15
400,2,2.4
401,2,1.95
402,2,2.1
403,2,4
404,2,2.2
405,2,1.9
406,2,0.8
407,2,0.8
408,2,0.8
409,2,2.4
410,2,0.8
411,2,0.8
412,2,0.8
413,2,0.8
414,2,0.8
415,2,0.8
416,2,1
417,2,1.1
418,2,1.3
419,2,1.4
420,2,1.5
421,2,1.65
422,2,1.85
423,2,2
424,2,1.5
425,2,1.95
426,2,2
427,2,1.8
428,2,1.9
429,2,1.7
430,2,1.55
431,2,1.45
432,2,1.3
433,2,1.05
434,2,0.8
435,2,0.85
436,2,1.7
437,2,1.7
438,2,1.7
439,2,1.7
440,2,1.7
441,2,1.75
442,2,1.8
443,2,1.85
444,2,1.9
445,2,3.65
446,2,2.15
447,2,2.45
448,2,2.55
449,2,2.05
450,2,2.3
451,2,1.95
452,2,2.05
453,2,4
454,2,2.2
455,2,1.85
456,2,0.8
457,2,0.8
458,2,0.8
459,2,0.8
460,2,2.4
461,2,0.8
462,2,0.8
463,2,0.8
464,2,0.8
465,2,0.8
466,2,0.95
467,2,1.05
468,2,1.25
469,2,1.35
470,2,1.5
471,2,1.6
472,2,1.8
473,2,1.95
474,2,1.5
475,2,1.95
476,2,1.95
477,2,1.75
478,2,1.85
479,2,1.65
480,2,1.5
481,2,1.45
482,2,1.25
483,2,1
484,2,0.8
485,2,0.8
486,2,1.65
487,2,1.65
488,2,1.65
489,2,1.65
490,2,1.7
491,2,1.7
492,2,1.8
493,2,1.8
494,2,1.85
495,2,3.6
496,2,2.15
497,2,2.45
498,2,2.55
499,2,2.05
500,2,2.3
501,2,1.9
502,2,2
503,2,3.95
504,2,2.15
505,2,1.85
506,2,0.8
507,2,0.8
508,2,0.8
509,2,0.8
510,2,0.8
511,2,2.4
512,2,0.8
513,2,0.8
514,2,0.8
515,2,0.8
516,2,0.85
517,2,1
518,2,1.2
519,2,1.35
520,2,1.45
521,2,1.55
522,2,1.8
523,2,1.95
524,2,1.45
525,2,1.9
526,2,1.95
527,2,1.75
528,2,1.8
529,2,1.65
530,2,1.5
531,2,1.4
532,2,1.2
533,2,0.95
534,2,0.8
535,2,0.8
536,2,1.6
537,2,1.6
538,2,1.6
539,2,1.6
540,2,1.65
541,2,1.7
542,2,1.75
543,2,1.8
544,2,1.85
545,2,3.5
546,2,2.1
547,2,2.4
548,2,2.5
549,2,2
550,2,2.3
551,2,1.85
552,2,1.95
553,2,3.9
554,2,2.1
555,2,1.8
556,2,1.1
557,2,0.95
558,2,0.85
559,2,0.8
560,2,0.8
561,2,0.8
562,2,2.4
563,2,0.8
564,2,0.8
565,2,0.8
566,2,0.8
567,2,0.9
568,2,1.1
569,2,1.25
570,2,1.4
571,2,1.5
572,2,1.7
573,2,1.85
574,2,1.4
575,2,1.85
576,2,1.95
577,2,1.75
578,2,1.8
579,2,1.65
580,2,1.5
581,2,1.4
582,2,1.2
583,2,0.8
584,2,0.8
585,2,0.8
586,2,1.5
587,2,1.5
588,2,1.5
589,2,1.5
590,2,1.55
591,2,1.6
592,2,1.7
593,2,1.7
594,2,1.8
595,2,3.45
596,2,2.05
597,2,2.35
598,2,2.45
599,2,2
600,2,2.3
601,2,1.8
602,2,1.95
603,2,3.85
604,2,2.05
605,2,1.75
606,2,1.2
607,2,1.05
608,2,0.95
609,2,0.8
610,2,0.8
611,2,0.8
612,2,0.8
613,2,2.4
614,2,0.8
615,2,0.8
616,2,0.8
617,2,0.8
618,2,1
619,2,1.2
620,2,1.35
621,2,1.5
622,2,1.7
623,2,1.85
624,2,1.35
625,2,1.8
626,2,1.95
627,2,1.75
628,2,1.75
629,2,1.65
630,2,1.5
631,2,1.45
632,2,1.25
633,2,1
634,2,0.8
635,2,0.8
636,2,1.4
637,2,1.4
638,2,1.4
639,2,1.4
640,2,1.5
641,2,1.55
642,2,1.65
643,2,1.7
644,2,1.75
645,2,3.3
646,2,2
647,2,2.3
648,2,2.4
649,2,2.05
650,2,2.3
651,2,1.8
652,2,1.95
653,2,3.85
654,2,2.05
655,2,1.75
656,2,1.2
657,2,1.05
658,2,0.95
659,2,0.8
660,2,0.8
661,2,0.8
662,2,0.8
663,2,0.8
664,2,2.4
665,2,0.8
666,2,0.8
667,2,0.8
668,2,1
669,2,1.2
670,2,1.35
671,2,1.5
672,2,1.7
673,2,1.85
674,2,1.35
675,2,1.8
676,2,1.95
677,2,1.75
678,2,1.75
679,2,1.65
680,2,1.5
681,2,1.45
682,2,1.25
683,2,1
684,2,0.8
685,2,0.8
686,2,1.4
687,2,1.4
688,2,1.4
689,2,1.4
690,2,1.5
691,2,1.55
692,2,1.65
693,2,1.7
694,2,1.75
695,2,3.3
696,2,2
697,2,2.3
698,2,2.4
699,2,2.05
700,2,2.3
701,2,1.8
702,2,1.95
703,2,3.85
704,2,2.05
705,2,1.75
706,2,1.2
707,2,1.05
708,2,0.95
709,2,0.8
710,2,0.8
711,2,0.8
712,2,0.8
713,2,0.8
714,2,0.8
715,2,2.4
716,2,0.8
717,2,0.8
718,2,1
719,2,1.2
720,2,1.35
721,2,1.5
722,2,1.7
723,2,1.85
724,2,1.35
725,2,1.8
726,2,1.95
727,2,1.75
728,2,1.75
729,2,1.65
730,2,1.5
731,2,1.45
732,2,1.25
733,2,1
734,2,0.8
735,2,0.8
736,2,1.4
737,2,1.4
738,2,1.4
739,2,1.4
740,2,1.5
741,2,1.55
742,2,1.65
743,2,1.7
744,2,1.75
745,2,3.3
746,2,2
747,2,2.3
748,2,2.4
749,2,2.05
750,2,2.3
751,2,1.95
752,2,2.05
753,2,3.95
754,2,2.15
755,2,1.65
756,2,1.3
757,2,1.25
758,2,1.1
759,2,1
760,2,0.95
761,2,0.85
762,2,0.8
763,2,0.8
764,2,0.8
765,2,0.8
766,2,2.4
767,2,0.8
768,2,0.8
769,2,1
770,2,1.2
771,2,1.35
772,2,1.55
773,2,1.7
774,2,1.2
775,2,1.7
776,2,2.05
777,2,1.8
778,2,1.85
779,2,1.75
780,2,1.55
781,2,1.5
782,2,1.35
783,2,1.1
784,2,0.8
785,2,0.8
786,2,1.6
787,2,1.6
788,2,1.6
789,2,1.6
790,2,1.65
791,2,1.7
792,2,1.8
793,2,1.8
794,2,1.85
795,2,3.3
796,2,1.9
797,2,2.2
798,2,2.3
799,2,2.1
800,2,2.35
801,2,2
802,2,2.1
803,2,4.05
804,2,2.25
805,2,1.55
806,2,1.4
807,2,1.3
808,2,1.25
809,2,1.1
810,2,1.05
811,2,1
812,2,0.9
813,2,0.8
814,2,0.8
815,2,0.8
816,2,0.8
817,2,2.4
818,2,0.8
819,2,0.8
820,2,1.05
821,2,1.25
822,2,1.5
823,2,1.65
824,2,1.05
825,2,1.65
826,2,2.1
827,2,1.9
828,2,1.95
829,2,1.8
830,2,1.65
831,2,1.6
832,2,1.45
833,2,1.25
834,2,0.95
835,2,0.9
836,2,1.7
837,2,1.7
838,2,1.7
839,2,1.7
840,2,1.8
841,2,1.8
842,2,1.85
843,2,1.9
844,2,1.95
845,2,2.5
846,2,1.8
847,2,2.1
848,2,2.25
849,2,2.2
850,2,2.45
851,2,2.15
852,2,2.25
853,2,4.2
854,2,2.4
855,2,1.45
856,2,1.55
857,2,1.45
858,2,1.35
859,2,1.3
860,2,1.25
861,2,1.2
862,2,1.1
863,2,1
864,2,1
865,2,1
866,2,0.8
867,2,0.8
868,2,2.4
869,2,0.8
870,2,0.8
871,2,1.05
872,2,1.35
873,2,1.5
874,2,0.8
875,2,1.5
876,2,2.25
877,2,2
878,2,2.05
879,2,1.95
880,2,1.8
881,2,1.7
882,2,1.55
883,2,1.4
884,2,1.1
885,2,1.1
886,2,1.85
887,2,1.85
888,2,1.85
889,2,1.85
890,2,1.9
891,2,1.9
892,2,2
893,2,2
894,2,2.05
895,2,3.3
896,2,1.7
897,2,2
898,2,2.1
899,2,2.3
900,2,2.55
901,2,2.25
902,2,2.35
903,2,4.25
904,2,2.45
905,2,0.8
906,2,1.65
907,2,1.55
908,2,1.45
909,2,1.4
910,2,1.35
911,2,1.35
912,2,1.25
913,2,1.2
914,2,1.2
915,2,1.2
916,2,1
917,2,0.8
918,2,0.8
919,2,2.4
920,2,0.8
921,2,0.8
922,2,0.8
923,2,0.8
924,2,0.8
925,2,0.8
926,2,2.35
927,2,2.1
928,2,2.15
929,2,2.05
930,2,1.85
931,2,1.8
932,2,1.65
933,2,1.5
934,2,1.25
935,2,1.25
936,2,1.95
937,2,1.95
938,2,1.95
939,2,1.95
940,2,2
941,2,2
942,2,2.1
943,2,2.1
944,2,2.15
945,2,3.3
946,2,1.6
947,2,1.9
948,2,2
949,2,2.4
950,2,2.65
951,2,2.35
952,2,2.45
953,2,4.4
954,2,2.6
955,2,1.45
956,2,1.75
957,2,1.65
958,2,1.6
959,2,1.5
960,2,1.5
961,2,1.45
962,2,1.4
963,2,1.35
964,2,1.35
965,2,1.35
966,2,1.2
967,2,1.05
968,2,0.8
969,2,0.8
970,2,2.4
971,2,0.8
972,2,0.8
973,2,0.8
974,2,0.8
975,2,1.55
976,2,2.45
977,2,2.25
978,2,2.25
979,2,2.15
980,2,2
981,2,1.95
982,2,1.8
983,2,1.6
984,2,1.4
985,2,1.4
986,2,2.1
987,2,2.1
988,2,2.1
989,2,2.1
990,2,2.1
991,2,2.15
992,2,2.2
993,2,2.25
994,2,2.3
995,2,3.55
996,2,1.5
997,2,1.8
998,2,1.9
999,2,2.5
1000,2,2.75
1001,2,2.45
1002,2,2.6
1003,2,4.5
1004,2,2.7
1005,2,1.6
1006,2,1.85
1007,2,1.8
1008,2,1.7
1009,2,1.65
1010,2,1.6
1011,2,1.55
1012,2,1.5
1013,2,1.5
1014,2,1.5
1015,2,1.5
1016,2,1.35
1017,2,1.25
1018,2,1.05
1019,2,0.8
1020,2,0.8
1021,2,2.4
1022,2,0.8
1023,2,0.8
1024,2,1.05
1025,2,1.65
1026,2,2.6
1027,2,2.35
1028,2,2.4
1029,2,2.3
1030,2,2.1
1031,2,2.05
1032,2,1.9
1033,2,1.75
1034,2,1.5
1035,2,1.5
1036,2,2.2
1037,2,2.2
1038,2,2.2
1039,2,2.2
1040,2,2.25
1041,2,2.25
1042,2,2.3
1043,2,2.35
1044,2,2.4
1045,2,3.75
1046,2,0.8
1047,2,1.65
1048,2,1.75
1049,2,2.65
1050,2,2.9
1051,2,2.7
1052,2,2.8
1053,2,4.7
1054,2,2.9
1055,2,1.8
1056,2,2.1
1057,2,2
1058,2,1.9
1059,2,1.85
1060,2,1.8
1061,2,1.8
1062,2,1.7
1063,2,1.7
1064,2,1.7
1065,2,1.7
1066,2,1.55
1067,2,1.5
1068,2,1.35
1069,2,0.8
1070,2,0.8
1071,2,0.8
1072,2,2.4
1073,2,0.8
1074,2,1.35
1075,2,1.85
1076,2,2.75
1077,2,2.55
1078,2,2.6
1079,2,2.5
1080,2,2.3
1081,2,2.25
1082,2,2.1
1083,2,1.95
1084,2,1.7
1085,2,1.7
1086,2,2.4
1087,2,2.4
1088,2,2.4
1089,2,2.4
1090,2,2.45
1091,2,2.45
1092,2,2.55
1093,2,2.55
1094,2,2.6
1095,2,4
1096,2,0.8
1097,2,1.45
1098,2,1.55
1099,2,2.85
1100,2,3.1
1101,2,2.8
1102,2,2.9
1103,2,4.85
1104,2,3.05
1105,2,1.95
1106,2,2.2
1107,2,2.15
1108,2,2.05
1109,2,2
1110,2,1.95
1111,2,1.95
1112,2,1.85
1113,2,1.85
1114,2,1.85
1115,2,1.85
1116,2,1.7
1117,2,1.65
1118,2,1.5
1119,2,0.8
1120,2,0.8
1121,2,0.8
1122,2,0.8
1123,2,2.4
1124,2,1.55
1125,2,2
1126,2,2.9
1127,2,2.7
1128,2,2.75
1129,2,2.6
1130,2,2.45
1131,2,2.4
1132,2,2.25
1133,2,2.1
1134,2,1.85
1135,2,1.85
1136,2,2.55
1137,2,2.55
1138,2,2.55
1139,2,2.55
1140,2,2.6
1141,2,2.6
1142,2,2.65
1143,2,2.7
1144,2,2.75
1145,2,4.15
1146,2,0.8
1147,2,1.25
1148,2,1.4
1149,2,3
1150,2,3.25
1151,2,2.35
1152,2,2.45
1153,2,4.4
1154,2,2.6
1155,2,0.8
1156,2,1.75
1157,2,1.65
1158,2,1.6
1159,2,1.5
1160,2,1.5
1161,2,1.45
1162,2,1.4
1163,2,1.35
1164,2,1.35
1165,2,1.35
1166,2,1.2
1167,2,1.05
1168,2,0.8
1169,2,0.8
1170,2,0.8
1171,2,1.05
1172,2,1.35
1173,2,1.55
1174,2,2.4
1175,2,0.8
1176,2,2.45
1177,2,2.25
1178,2,2.25
1179,2,2.15
1180,2,2
1181,2,1.95
1182,2,1.8
1183,2,1.6
1184,2,1.4
1185,2,1.4
1186,2,2.1
1187,2,2.1
1188,2,2.1
1189,2,2.1
1190,2,2.1
1191,2,2.15
1192,2,2.2
1193,2,2.25
1194,2,2.3
1195,2,3.55
1196,2,1.7
1197,2,2
1198,2,2.1
1199,2,2.55
1200,2,2.8
1201,2,2.8
1202,2,2.9
1203,2,4.85
1204,2,3.05
1205,2,0.8
1206,2,2.2
1207,2,2.1
1208,2,2.05
1209,2,1.95
1210,2,1.95
1211,2,1.9
1212,2,1.85
1213,2,1.8
1214,2,1.8
1215,2,1.8
1216,2,1.7
1217,2,1.65
1218,2,1.5
1219,2,0.8
1220,2,1.55
1221,2,1.65
1222,2,1.85
1223,2,2
1224,2,0.8
1225,2,2.4
1226,2,2.9
1227,2,2.7
1228,2,2.75
1229,2,2.6
1230,2,2.45
1231,2,2.4
1232,2,2.25
1233,2,2.1
1234,2,1.85
1235,2,1.85
1236,2,2.55
1237,2,2.55
1238,2,2.55
1239,2,2.55
1240,2,2.55
1241,2,2.6
1242,2,2.65
1243,2,2.7
1244,2,2.75
1245,2,4.15
1246,2,2.15
1247,2,2.45
1248,2,2.6
1249,2,3
1250,2,3.25
1251,2,3
1252,2,3.1
1253,2,5
1254,2,3.2
1255,2,2.85
1256,2,2.25
1257,2,2.15
1258,2,2.1
1259,2,2
1260,2,1.95
1261,2,1.95
1262,2,1.95
1263,2,1.95
1264,2,1.95
1265,2,1.95
1266,2,2.05
1267,2,2.1
1268,2,2.25
1269,2,2.35
1270,2,2.45
1271,2,2.6
1272,2,2.75
1273,2,2.9
1274,2,2.45
1275,2,2.9
1276,2,2.4
1277,2,0.8
1278,2,2.9
1279,2,0.8
1280,2,0.8
1281,2,0.8
1282,2,1.5
1283,2,1.65
1284,2,1.9
1285,2,2
1286,2,2.7
1287,2,2.7
1288,2,2.7
1289,2,2.7
1290,2,2.75
1291,2,2.75
1292,2,2.85
1293,2,2.85
1294,2,2.9
1295,2,4.65
1296,2,3.1
1297,2,3.4
1298,2,3.5
1299,2,0.8
1300,2,0.8
1301,2,2.75
1302,2,2.85
1303,2,4.8
1304,2,3
1305,2,2.6
1306,2,2
1307,2,1.95
1308,2,1.85
1309,2,1.8
1310,2,1.75
1311,2,1.75
1312,2,1.75
1313,2,1.75
1314,2,1.75
1315,2,1.75
1316,2,1.8
1317,2,1.9
1318,2,2
1319,2,2.1
1320,2,2.25
1321,2,2.35
1322,2,2.55
1323,2,2.7
1324,2,2.25
1325,2,2.7
1326,2,0.8
1327,2,2.4
1328,2,2.7
1329,2,0.8
1330,2,0.8
1331,2,0.8
1332,2,1.25
1333,2,1.45
1334,2,1.7
1335,2,1.8
1336,2,2.5
1337,2,2.5
1338,2,2.5
1339,2,2.5
1340,2,2.55
1341,2,2.55
1342,2,2.6
1343,2,2.65
1344,2,2.7
1345,2,4.4
1346,2,2.9
1347,2,3.2
1348,2,3.3
1349,2,0.8
1350,2,1.4
1351,2,1.35
1352,2,1.35
1353,2,3.3
1354,2,1.55
1355,2,2.65
1356,2,2.1
1357,2,2
1358,2,1.95
1359,2,1.9
1360,2,1.85
1361,2,1.8
1362,2,1.8
1363,2,1.75
1364,2,1.75
1365,2,1.75
1366,2,1.85
1367,2,1.95
1368,2,2.05
1369,2,2.15
1370,2,2.25
1371,2,2.4
1372,2,2.6
1373,2,2.75
1374,2,2.25
1375,2,2.75
1376,2,2.9
1377,2,2.7
1378,2,2.4
1379,2,2.6
1380,2,2.45
1381,2,2.35
1382,2,2.2
1383,2,2.05
1384,2,1.85
1385,2,1.7
1386,2,1.5
1387,2,1.5
1388,2,1.5
1389,2,1.5
1390,2,1.4
1391,2,1.35
1392,2,1.35
1393,2,1.35
1394,2,1.35
1395,2,4.45
1396,2,2.9
1397,2,3.2
1398,2,3.3
1399,2,2.95
1400,2,3.25
1401,2,2.7
1402,2,2.8
1403,2,4.7
1404,2,2.9
1405,2,2.55
1406,2,1.95
1407,2,1.85
1408,2,1.8
1409,2,1.7
1410,2,1.65
1411,2,1.65
1412,2,1.65
1413,2,1.65
1414,2,1.65
1415,2,1.65
1416,2,1.75
1417,2,1.8
1418,2,1.95
1419,2,2.05
1420,2,2.15
1421,2,2.3
1422,2,2.5
1423,2,2.6
1424,2,2.15
1425,2,2.6
1426,2,0.8
1427,2,0.8
1428,2,2.6
1429,2,2.4
1430,2,0.8
1431,2,0.8
1432,2,0.8
1433,2,0.8
1434,2,1.6
1435,2,1.7
1436,2,2.4
1437,2,2.4
1438,2,2.4
1439,2,2.4
1440,2,2.45
1441,2,2.45
1442,2,2.55
1443,2,2.55
1444,2,2.6
1445,2,4.35
1446,2,2.8
1447,2,3.1
1448,2,3.2
1449,2,0.8
1450,2,1.45
1451,2,2.5
1452,2,2.6
1453,2,4.55
1454,2,2.75
1455,2,2.4
1456,2,1.75
1457,2,1.65
1458,2,1.6
1459,2,1.55
1460,2,1.5
1461,2,1.5
1462,2,1.5
1463,2,1.5
1464,2,1.5
1465,2,1.5
1466,2,1.55
1467,2,1.65
1468,2,1.8
1469,2,1.85
1470,2,2
1471,2,2.1
1472,2,2.3
1473,2,2.45
1474,2,2
1475,2,2.45
1476,2,0.8
1477,2,0.8
1478,2,2.45
1479,2,0.8
1480,2,2.4
1481,2,0.8
1482,2,0.8
1483,2,0.8
1484,2,1.4
1485,2,1.55
1486,2,2.25
1487,2,2.25
1488,2,2.25
1489,2,2.25
1490,2,2.25
1491,2,2.3
1492,2,2.35
1493,2,2.4
1494,2,2.45
1495,2,4.15
1496,2,2.65
1497,2,2.95
1498,2,3.05
1499,2,1.35
1500,2,1.65
1501,2,2.45
1502,2,2.55
1503,2,4.5
1504,2,2.7
1505,2,2.3
1506,2,1.7
1507,2,1.6
1508,2,1.55
1509,2,1.45
1510,2,1.45
1511,2,1.4
1512,2,1.4
1513,2,1.45
1514,2,1.45
1515,2,1.45
1516,2,1.5
1517,2,1.6
1518,2,1.7
1519,2,1.8
1520,2,1.95
1521,2,2.05
1522,2,2.25
1523,2,2.4
1524,2,1.95
1525,2,2.4
1526,2,0.8
1527,2,0.8
1528,2,2.35
1529,2,0.8
1530,2,0.8
1531,2,2.4
1532,2,0.8
1533,2,0.8
1534,2,1.35
1535,2,1.5
1536,2,2.15
1537,2,2.15
1538,2,2.15
1539,2,2.15
1540,2,2.2
1541,2,2.25
1542,2,2.3
1543,2,2.3
1544,2,2.4
1545,2,4.1
1546,2,2.55
1547,2,2.85
1548,2,3
1549,2,1.45
1550,2,1.7
1551,2,2.3
1552,2,2.4
1553,2,4.35
1554,2,2.55
1555,2,2.15
1556,2,1.55
1557,2,1.45
1558,2,1.4
1559,2,1.3
1560,2,1.25
1561,2,1.2
1562,2,1.2
1563,2,1.25
1564,2,1.25
1565,2,1.25
1566,2,1.35
1567,2,1.45
1568,2,1.55
1569,2,1.65
1570,2,1.8
1571,2,1.9
1572,2,2.1
1573,2,2.25
1574,2,1.8
1575,2,2.25
1576,2,1.5
1577,2,1.25
1578,2,2.2
1579,2,0.8
1580,2,0.8
1581,2,0.8
1582,2,2.4
1583,2,0.8
1584,2,1.1
1585,2,1.35
1586,2,2.05
1587,2,2.05
1588,2,2.05
1589,2,2.05
1590,2,2.05
1591,2,2.1
1592,2,2.15
1593,2,2.15
1594,2,2.25
1595,2,3.95
1596,2,2.4
1597,2,2.7
1598,2,2.85
1599,2,1.6
1600,2,1.85
1601,2,2.15
1602,2,2.25
1603,2,4.2
1604,2,2.4
1605,2,2
1606,2,1.4
1607,2,1.3
1608,2,1.2
1609,2,1.05
1610,2,1
1611,2,0.95
1612,2,0.8
1613,2,1
1614,2,1
1615,2,1
1616,2,1.1
1617,2,1.25
1618,2,1.4
1619,2,1.5
1620,2,1.6
1621,2,1.75
1622,2,1.95
1623,2,2.1
1624,2,1.6
1625,2,2.1
1626,2,1.65
1627,2,1.45
1628,2,2.05
1629,2,0.8
1630,2,0.8
1631,2,0.8
1632,2,0.8
1633,2,2.4
1634,2,0.8
1635,2,1.1
1636,2,1.85
1637,2,1.85
1638,2,1.85
1639,2,1.85
1640,2,1.9
1641,2,1.95
1642,2,2
1643,2,2
1644,2,2.1
1645,2,3.8
1646,2,2.25
1647,2,2.55
1648,2,2.65
1649,2,1.75
1650,2,2
1651,2,1.9
1652,2,2
1653,2,3.95
1654,2,2.15
1655,2,1.8
1656,2,1.1
1657,2,0.95
1658,2,0.85
1659,2,0.8
1660,2,0.8
1661,2,0.8
1662,2,0.8
1663,2,0.8
1664,2,0.8
1665,2,0.8
1666,2,0.8
1667,2,0.95
1668,2,1.1
1669,2,1.25
1670,2,1.4
1671,2,1.5
1672,2,1.7
1673,2,1.85
1674,2,1.4
1675,2,1.85
1676,2,1.9
1677,2,1.7
1678,2,1.85
1679,2,1.6
1680,2,1.4
1681,2,1.35
1682,2,1.1
1683,2,0.8
1684,2,2.4
1685,2,0.8
1686,2,1.6
1687,2,1.6
1688,2,1.6
1689,2,1.6
1690,2,1.65
1691,2,1.7
1692,2,1.75
1693,2,1.8
1694,2,1.85
1695,2,3.45
1696,2,2.05
1697,2,2.35
1698,2,2.45
1699,2,1.95
1700,2,2.25
1701,2,1.8
1702,2,1.9
1703,2,3.8
1704,2,2
1705,2,1.8
1706,2,1.25
1707,2,1.1
1708,2,1
1709,2,0.85
1710,2,0.8
1711,2,0.8
1712,2,0.8
1713,2,0.8
1714,2,0.8
1715,2,0.8
1716,2,0.8
1717,2,0.9
1718,2,1.1
1719,2,1.25
1720,2,1.4
1721,2,1.5
1722,2,1.7
1723,2,1.85
1724,2,1.4
1725,2,1.85
1726,2,2
1727,2,1.8
1728,2,1.7
1729,2,1.7
1730,2,1.55
1731,2,1.5
1732,2,1.35
1733,2,1.1
1734,2,0.8
1735,2,2.4
1736,2,1.3
1737,2,1.3
1738,2,1.3
1739,2,1.3
1740,2,1.4
1741,2,1.45
1742,2,1.55
1743,2,1.65
1744,2,1.7
1745,2,3.4
1746,2,2.05
1747,2,2.35
1748,2,2.45
1749,2,2.1
1750,2,2.35
1751,2,1.6
1752,2,1.8
1753,2,3.75
1754,2,1.95
1755,2,2.45
1756,2,1.95
1757,2,1.85
1758,2,1.8
1759,2,1.7
1760,2,1.65
1761,2,1.6
1762,2,1.5
1763,2,1.4
1764,2,1.4
1765,2,1.4
1766,2,1.6
1767,2,1.7
1768,2,1.85
1769,2,1.95
1770,2,2.1
1771,2,2.2
1772,2,2.4
1773,2,2.55
1774,2,2.1
1775,2,2.55
1776,2,2.7
1777,2,2.5
1778,2,1.5
1779,2,2.4
1780,2,2.25
1781,2,2.15
1782,2,2.05
1783,2,1.85
1784,2,1.6
1785,2,1.3
1786,2,2.4
1787,2,0.8
1788,2,0.8
1789,2,0.8
1790,2,0.8
1791,2,0.8
1792,2,0.8
1793,2,0.8
1794,2,1.35
1795,2,4.25
1796,2,2.75
1797,2,3.05
1798,2,3.15
1799,2,2.75
1800,2,3.05
1801,2,1.6
1802,2,1.8
1803,2,3.75
1804,2,1.95
1805,2,2.45
1806,2,1.95
1807,2,1.85
1808,2,1.8
1809,2,1.7
1810,2,1.65
1811,2,1.6
1812,2,1.5
1813,2,1.4
1814,2,1.4
1815,2,1.4
1816,2,1.6
1817,2,1.7
1818,2,1.85
1819,2,1.95
1820,2,2.1
1821,2,2.2
1822,2,2.4
1823,2,2.55
1824,2,2.1
1825,2,2.55
1826,2,2.7
1827,2,2.5
1828,2,1.5
1829,2,2.4
1830,2,2.25
1831,2,2.15
1832,2,2.05
1833,2,1.85
1834,2,1.6
1835,2,1.3
1836,2,0.8
1837,2,2.4
1838,2,0.8
1839,2,0.8
1840,2,0.8
1841,2,0.8
1842,2,0.8
1843,2,0.8
1844,2,1.35
1845,2,4.25
1846,2,2.75
1847,2,3.05
1848,2,3.15
1849,2,2.75
1850,2,3.05
1851,2,1.6
1852,2,1.8
1853,2,3.75
1854,2,1.95
1855,2,2.45
1856,2,1.95
1857,2,1.85
1858,2,1.8
1859,2,1.7
1860,2,1.65
1861,2,1.6
1862,2,1.5
1863,2,1.4
1864,2,1.4
1865,2,1.4
1866,2,1.6
1867,2,1.7
1868,2,1.85
1869,2,1.95
1870,2,2.1
1871,2,2.2
1872,2,2.4
1873,2,2.55
1874,2,2.1
1875,2,2.55
1876,2,2.7
1877,2,2.5
1878,2,1.5
1879,2,2.4
1880,2,2.25
1881,2,2.15
1882,2,2.05
1883,2,1.85
1884,2,1.6
1885,2,1.3
1886,2,0.8
1887,2,0.8
1888,2,2.4
1889,2,0.8
1890,2,0.8
1891,2,0.8
1892,2,0.8
1893,2,0.8
1894,2,1.35
1895,2,4.25
1896,2,2.75
1897,2,3.05
1898,2,3.15
1899,2,2.75
1900,2,3.05
1901,2,1.6
1902,2,1.8
1903,2,3.75
1904,2,1.95
1905,2,2.45
1906,2,1.95
1907,2,1.85
1908,2,1.8
1909,2,1.7
1910,2,1.65
1911,2,1.6
1912,2,1.5
1913,2,1.4
1914,2,1.4
1915,2,1.4
1916,2,1.6
1917,2,1.7
1918,2,1.85
1919,2,1.95
1920,2,2.1
1921,2,2.2
1922,2,2.4
1923,2,2.55
1924,2,2.1
1925,2,2.55
1926,2,2.7
1927,2,2.5
1928,2,1.5
1929,2,2.4
1930,2,2.25
1931,2,2.15
1932,2,2.05
1933,2,1.85
1934,2,1.6
1935,2,1.3
1936,2,0.8
1937,2,0.8
1938,2,0.8
1939,2,2.4
1940,2,0.8
1941,2,0.8
1942,2,0.8
1943,2,0.8
1944,2,1.35
1945,2,4.25
1946,2,2.75
1947,2,3.05
1948,2,3.15
1949,2,2.75
1950,2,3.05
1951,2,1.55
1952,2,1.7
1953,2,3.7
1954,2,1.9
1955,2,2.5
1956,2,1.95
1957,2,1.85
1958,2,1.8
1959,2,1.7
1960,2,1.7
1961,2,1.65
1962,2,1.55
1963,2,1.5
1964,2,1.5
1965,2,1.5
1966,2,1.65
1967,2,1.8
1968,2,1.9
1969,2,2
1970,2,2.1
1971,2,2.25
1972,2,2.45
1973,2,2.6
1974,2,2.1
1975,2,2.55
1976,2,2.75
1977,2,2.55
1978,2,1.4
1979,2,2.45
1980,2,2.25
1981,2,2.2
1982,2,2.05
1983,2,1.9
1984,2,1.65
1985,2,1.4
1986,2,0.8
1987,2,0.8
1988,2,0.8
1989,2,0.8
1990,2,2.4
1991,2,0.8
1992,2,0.8
1993,2,0.8
1994,2,1.25
1995,2,4.3
1996,2,2.75
1997,2,3.05
1998,2,3.15
1999,2,2.8
2000,2,3.05
2001,2,1.5
2002,2,1.65
2003,2,3.65
2004,2,1.85
2005,2,2.55
2006,2,2
2007,2,1.9
2008,2,1.85
2009,2,1.75
2010,2,1.7
2011,2,1.7
2012,2,1.6
2013,2,1.55
2014,2,1.55
2015,2,1.55
2016,2,1.7
2017,2,1.8
2018,2,1.9
2019,2,2
2020,2,2.15
2021,2,2.25
2022,2,2.45
2023,2,2.6
2024,2,2.15
2025,2,2.6
2026,2,2.75
2027,2,2.55
2028,2,1.35
2029,2,2.45
2030,2,2.3
2031,2,2.25
2032,2,2.1
2033,2,1.95
2034,2,1.7
2035,2,1.45
2036,2,0.8
2037,2,0.8
2038,2,0.8
2039,2,0.8
2040,2,0.8
2041,2,2.4
2042,2,0.8
2043,2,0.8
2044,2,1.25
2045,2,4.3
2046,2,2.8
2047,2,3.1
2048,2,3.2
2049,2,2.85
2050,2,3.1
2051,2,1.4
2052,2,1.55
2053,2,3.55
2054,2,1.8
2055,2,2.6
2056,2,2.05
2057,2,1.95
2058,2,1.9
2059,2,1.8
2060,2,1.8
2061,2,1.75
2062,2,1.7
2063,2,1.65
2064,2,1.65
2065,2,1.65
2066,2,1.8
2067,2,1.85
2068,2,2
2069,2,2.1
2070,2,2.2
2071,2,2.3
2072,2,2.55
2073,2,2.65
2074,2,2.2
2075,2,2.65
2076,2,2.85
2077,2,2.6
2078,2,1.35
2079,2,2.55
2080,2,2.35
2081,2,2.3
2082,2,2.15
2083,2,2
2084,2,1.75
2085,2,1.55
2086,2,0.8
2087,2,0.8
2088,2,0.8
2089,2,0.8
2090,2,0.8
2091,2,0.8
2092,2,2.4
2093,2,0.8
2094,2,1.25
2095,2,4.35
2096,2,2.85
2097,2,3.15
2098,2,3.25
2099,2,2.9
2100,2,3.15
2101,2,1.35
2102,2,1.5
2103,2,3.5
2104,2,1.7
2105,2,2.6
2106,2,2.1
2107,2,2
2108,2,1.95
2109,2,1.85
2110,2,1.8
2111,2,1.8
2112,2,1.7
2113,2,1.7
2114,2,1.7
2115,2,1.7
2116,2,1.8
2117,2,1.9
2118,2,2
2119,2,2.1
2120,2,2.25
2121,2,2.35
2122,2,2.55
2123,2,2.7
2124,2,2.25
2125,2,2.7
2126,2,2.85
2127,2,2.65
2128,2,1.35
2129,2,2.55
2130,2,2.4
2131,2,2.3
2132,2,2.15
2133,2,2
2134,2,1.8
2135,2,1.65
2136,2,0.8
2137,2,0.8
2138,2,0.8
2139,2,0.8
2140,2,0.8
2141,2,0.8
2142,2,0.8
2143,2,2.4
2144,2,1.25
2145,2,4.4
2146,2,2.85
2147,2,3.15
2148,2,3.3
2149,2,2.9
2150,2,3.2
2151,2,1.35
2152,2,1.35
2153,2,3.4
2154,2,1.65
2155,2,2.7
2156,2,2.15
2157,2,2.05
2158,2,1.95
2159,2,1.9
2160,2,1.85
2161,2,1.85
2162,2,1.8
2163,2,1.75
2164,2,1.75
2165,2,1.75
2166,2,1.85
2167,2,1.95
2168,2,2.05
2169,2,2.15
2170,2,2.3
2171,2,2.4
2172,2,2.6
2173,2,2.75
2174,2,2.3
2175,2,2.75
2176,2,2.9
2177,2,2.7
2178,2,1.35
2179,2,2.6
2180,2,2.45
2181,2,2.4
2182,2,2.25
2183,2,2.1
2184,2,1.85
2185,2,1.7
2186,2,1.35
2187,2,1.35
2188,2,1.35
2189,2,1.35
2190,2,1.25
2191,2,1.25
2192,2,1.25
2193,2,1.25
2194,2,2.4
2195,2,4.45
2196,2,2.9
2197,2,3.2
2198,2,3.35
2199,2,3
2200,2,3.25
2201,2,4.5
2202,2,4.65
2203,2,6.6
2204,2,4.8
2205,2,4.1
2206,2,3.9
2207,2,3.85
2208,2,3.75
2209,2,3.65
2210,2,3.6
2211,2,3.5
2212,2,3.45
2213,2,3.3
2214,2,3.3
2215,2,3.3
2216,2,3.3
2217,2,2.5
2218,2,3.3
2219,2,3.3
2220,2,3.55
2221,2,3.75
2222,2,4
2223,2,4.15
2224,2,3.55
2225,2,4.15
2226,2,4.65
2227,2,4.4
2228,2,4.45
2229,2,4.35
2230,2,4.15
2231,2,4.1
2232,2,3.95
2233,2,3.8
2234,2,3.45
2235,2,3.4
2236,2,4.25
2237,2,4.25
2238,2,4.25
2239,2,4.25
2240,2,4.3
2241,2,4.3
2242,2,4.35
2243,2,4.4
2244,2,4.45
2245,2,2.4
2246,2,4.35
2247,2,4.65
2248,2,4.75
2249,2,4.7
2250,2,4.95
2251,2,3
2252,2,3.1
2253,2,5.05
2254,2,3.25
2255,2,2.1
2256,2,2.4
2257,2,2.3
2258,2,2.25
2259,2,2.15
2260,2,2.15
2261,2,2.1
2262,2,2.05
2263,2,2
2264,2,2
2265,2,2
2266,2,1.9
2267,2,1.8
2268,2,1.7
2269,2,1.6
2270,2,1.5
2271,2,0.8
2272,2,0.8
2273,2,0.8
2274,2,1.7
2275,2,2.15
2276,2,3.1
2277,2,2.9
2278,2,2.9
2279,2,2.8
2280,2,2.65
2281,2,2.55
2282,2,2.4
2283,2,2.25
2284,2,2.05
2285,2,2.05
2286,2,2.75
2287,2,2.75
2288,2,2.75
2289,2,2.75
2290,2,2.75
2291,2,2.8
2292,2,2.85
2293,2,2.85
2294,2,2.9
2295,2,4.35
2296,2,2.4
2297,2,0.95
2298,2,1.15
2299,2,3.15
2300,2,3.45
2301,2,3.3
2302,2,3.4
2303,2,5.35
2304,2,3.55
2305,2,2.4
2306,2,2.7
2307,2,2.6
2308,2,2.55
2309,2,2.45
2310,2,2.45
2311,2,2.4
2312,2,2.35
2313,2,2.3
2314,2,2.3
2315,2,2.3
2316,2,2.2
2317,2,2.1
2318,2,2
2319,2,1.9
2320,2,1.8
2321,2,1.65
2322,2,1.45
2323,2,1.25
2324,2,2
2325,2,2.45
2326,2,3.4
2327,2,3.2
2328,2,3.2
2329,2,3.1
2330,2,2.95
2331,2,2.85
2332,2,2.7
2333,2,2.55
2334,2,2.35
2335,2,2.35
2336,2,3.05
2337,2,3.05
2338,2,3.05
2339,2,3.05
2340,2,3.05
2341,2,3.1
2342,2,3.15
2343,2,3.15
2344,2,3.2
2345,2,4.65
2346,2,0.95
2347,2,2.4
2348,2,0.8
2349,2,3.45
2350,2,3.75
2351,2,3.4
2352,2,3.5
2353,2,5.45
2354,2,3.65
2355,2,2.5
2356,2,2.8
2357,2,2.7
2358,2,2.65
2359,2,2.55
2360,2,2.55
2361,2,2.5
2362,2,2.45
2363,2,2.4
2364,2,2.4
2365,2,2.4
2366,2,2.3
2367,2,2.25
2368,2,2.1
2369,2,2
2370,2,1.9
2371,2,1.75
2372,2,1.55
2373,2,1.4
2374,2,2.1
2375,2,2.6
2376,2,3.5
2377,2,3.3
2378,2,3.3
2379,2,3.2
2380,2,3.05
2381,2,3
2382,2,2.85
2383,2,2.65
2384,2,2.45
2385,2,2.45
2386,2,3.15
2387,2,3.15
2388,2,3.15
2389,2,3.15
2390,2,3.15
2391,2,3.2
2392,2,3.25
2393,2,3.3
2394,2,3.35
2395,2,4.75
2396,2,1.15
2397,2,0.8
2398,2,2.4
2399,2,3.6
2400,2,3.85
2401,2,3.05
2402,2,3.15
2403,2,5.1
2404,2,3.3
2405,2,2.9
2406,2,2.3
2407,2,2.2
2408,2,2.15
2409,2,2.05
2410,2,2.05
2411,2,2
2412,2,2
2413,2,2.05
2414,2,2.05
2415,2,2.05
2416,2,2.1
2417,2,2.2
2418,2,2.3
2419,2,2.4
2420,2,2.5
2421,2,2.65
2422,2,2.85
2423,2,3
2424,2,2.55
2425,2,3
2426,2,0.8
2427,2,0.8
2428,2,2.95
2429,2,0.8
2430,2,1.35
2431,2,1.45
2432,2,1.6
2433,2,1.75
2434,2,1.95
2435,2,2.1
2436,2,2.75
2437,2,2.75
2438,2,2.75
2439,2,2.75
2440,2,2.8
2441,2,2.85
2442,2,2.9
2443,2,2.9
2444,2,3
2445,2,4.7
2446,2,3.15
2447,2,3.45
2448,2,3.6
2449,2,2.4
2450,2,0.8
2451,2,3.3
2452,2,3.4
2453,2,5.35
2454,2,3.55
2455,2,3.2
2456,2,2.55
2457,2,2.45
2458,2,2.4
2459,2,2.3
2460,2,2.3
2461,2,2.3
2462,2,2.3
2463,2,2.3
2464,2,2.3
2465,2,2.3
2466,2,2.35
2467,2,2.45
2468,2,2.55
2469,2,2.65
2470,2,2.75
2471,2,2.9
2472,2,3.1
2473,2,3.25
2474,2,2.8
2475,2,3.25
2476,2,0.8
2477,2,1.4
2478,2,3.25
2479,2,1.45
2480,2,1.65
2481,2,1.7
2482,2,1.85
2483,2,2
2484,2,2.25
2485,2,2.35
2486,2,3.05
2487,2,3.05
2488,2,3.05
2489,2,3.05
2490,2,3.05
2491,2,3.1
2492,2,3.15
2493,2,3.2
2494,2,3.25
2495,2,4.95
2496,2,3.45
2497,2,3.75
2498,2,3.85
2499,2,0.8
2500,2,2.4
1,16,5.1
2,16,2.85
3,16,6.8
4,16,2.85
5,16,5.85
6,16,4.7
7,16,4.55
8,16,4.4
9,16,4.2
10,16,4.2
11,16,4.1
12,16,4
13,16,3.9
14,16,3.9
15,16,3.9
16,16,4.15
17,16,4.3
18,16,4.6
19,16,4.8
20,16,5
21,16,5.3
22,16,5.75
23,16,6
24,16,5
25,16,6
26,16,6.4
27,16,5.95
28,16,2.85
29,16,5.75
30,16,5.4
31,16,5.25
32,16,4.95
33,16,4.6
34,16,4.1
35,16,3.8
36,16,3.45
37,16,3.45
38,16,3.45
39,16,3.45
40,16,3.3
41,16,3.2
42,16,3
43,16,2.85
44,16,2.85
45,16,9.65
46,16,6.4
47,16,7.05
48,16,7.25
49,16,6.55
50,16,7.1
51,16,2.85
52,16,5.1
53,16,6.8
54,16,2.85
55,16,6.1
56,16,4.95
57,16,4.75
58,16,4.6
59,16,4.45
60,16,4.4
61,16,4.3
62,16,4.2
63,16,4.15
64,16,4.15
65,16,4.15
66,16,4.4
67,16,4.55
68,16,4.8
69,16,5
70,16,5.25
71,16,5.55
72,16,6
73,16,6.25
74,16,5.25
75,16,6.25
76,16,6.6
77,16,6.15
78,16,2.85
79,16,6
80,16,5.6
81,16,5.45
82,16,5.15
83,16,4.8
84,16,4.35
85,16,4.05
86,16,3.8
87,16,3.8
88,16,3.8
89,16,3.8
90,16,3.65
91,16,3.6
92,16,3.35
93,16,3.2
94,16,2.85
95,16,9.9
96,16,6.65
97,16,7.3
98,16,7.5
99,16,6.75
100,16,7.3
101,16,6.8
102,16,6.8
103,16,5.1
104,16,3.95
105,16,10.2
106,16,9.05
107,16,8.9
108,16,8.75
109,16,8.6
110,16,8.55
111,16,8.45
112,16,8.35
113,16,8.25
114,16,8.25
115,16,8.25
116,16,8.5
117,16,8.65
118,16,8.95
119,16,9.15
120,16,9.4
121,16,9.65
122,16,10.1
123,16,10.4
124,16,9.4
125,16,10.4
126,16,10.75
127,16,10.3
128,16,7.1
129,16,10.1
130,16,9.75
131,16,9.6
132,16,9.3
133,16,8.95
134,16,8.45
135,16,8.2
136,16,8
137,16,8
138,16,8
139,16,8
140,16,7.9
141,16,7.8
142,16,7.6
143,16,7.5
144,16,7.3
145,16,14.05
146,16,10.8
147,16,11.4
148,16,11.65
149,16,10.9
150,16,11.45
151,16,2.85
152,16,2.85
153,16,3.95
154,16,5.1
155,16,6.4
156,16,5.25
157,16,5.05
158,16,4.9
159,16,4.75
160,16,4.7
161,16,4.6
162,16,4.5
163,16,4.4
164,16,4.4
165,16,4.4
166,16,4.65
167,16,4.8
168,16,5.1
169,16,5.3
170,16,5.6
171,16,5.8
172,16,6.25
173,16,6.55
174,16,5.55
175,16,6.55
176,16,6.9
177,16,6.45
178,16,3.3
179,16,6.25
180,16,5.9
181,16,5.8
182,16,5.45
183,16,5.1
184,16,4.6
185,16,4.35
186,16,4.15
187,16,4.15
188,16,4.15
189,16,4.15
190,16,4.1
191,16,4
192,16,3.8
193,16,3.7
194,16,3.5
195,16,10.2
196,16,6.95
197,16,7.6
198,16,7.8
199,16,7.05
200,16,7.6
201,16,5.85
202,16,6.1
203,16,10.2
204,16,6.4
205,16,5.1
206,16,4.6
207,16,4.4
208,16,4.25
209,16,4.05
210,16,4
211,16,4
212,16,3.85
213,16,3.8
214,16,3.8
215,16,3.8
216,16,3.55
217,16,3.35
218,16,3.15
219,16,1.7
220,16,3.15
221,16,3.4
222,16,3.8
223,16,4.15
224,16,1.7
225,16,1.7
226,16,6.1
227,16,5.6
228,16,5.7
229,16,5.45
230,16,5.1
231,16,4.95
232,16,4.6
233,16,4.3
234,16,3.85
235,16,3.85
236,16,5.3
237,16,5.3
238,16,5.3
239,16,5.3
240,16,5.4
241,16,5.4
242,16,5.55
243,16,5.6
244,16,5.75
245,16,8.75
246,16,4.55
247,16,5.2
248,16,5.4
249,16,6.2
250,16,6.8
251,16,4.7
252,16,4.95
253,16,9.05
254,16,5.25
255,16,4.6
256,16,5.1
257,16,1.7
258,16,1.7
259,16,1.7
260,16,1.7
261,16,1.7
262,16,2.4
263,16,2.55
264,16,2.55
265,16,2.55
266,16,2.8
267,16,3
268,16,3.3
269,16,3.5
270,16,3.75
271,16,4
272,16,4.45
273,16,4.75
274,16,3.75
275,16,4.75
276,16,4.8
277,16,4.3
278,16,4.55
279,16,4.15
280,16,3.8
281,16,3.6
282,16,3.35
283,16,3
284,16,2.4
285,16,2.7
286,16,4.15
287,16,4.15
288,16,4.15
289,16,4.15
290,16,4.2
291,16,4.25
292,16,4.4
293,16,4.45
294,16,4.6
295,16,8.4
296,16,5.15
297,16,5.8
298,16,6
299,16,4.9
300,16,5.5
301,16,4.55
302,16,4.75
303,16,8.9
304,16,5.05
305,16,4.4
306,16,1.7
307,16,5.1
308,16,1.7
309,16,1.7
310,16,1.7
311,16,1.7
312,16,2.05
313,16,2.25
314,16,2.25
315,16,2.25
316,16,2.65
317,16,2.8
318,16,3.1
319,16,3.3
320,16,3.55
321,16,3.8
322,16,4.25
323,16,4.6
324,16,3.55
325,16,4.55
326,16,4.6
327,16,4.15
328,16,4.35
329,16,4
330,16,3.6
331,16,3.45
332,16,3.15
333,16,2.8
334,16,2.1
335,16,2.4
336,16,4
337,16,4
338,16,4
339,16,4
340,16,4
341,16,4.05
342,16,4.2
343,16,4.25
344,16,4.4
345,16,8.2
346,16,4.95
347,16,5.6
348,16,5.8
349,16,4.75
350,16,5.3
351,16,4.4
352,16,4.6
353,16,8.75
354,16,4.9
355,16,4.25
356,16,1.7
357,16,1.7
358,16,5.1
359,16,1.7
360,16,1.7
361,16,1.7
362,16,1.8
363,16,2
364,16,2
365,16,2
366,16,2.4
367,16,2.7
368,16,2.95
369,16,3.15
370,16,3.4
371,16,3.65
372,16,4.1
373,16,4.4
374,16,3.4
375,16,4.4
376,16,4.45
377,16,4
378,16,4.2
379,16,3.8
380,16,3.45
381,16,3.3
382,16,3
383,16,2.6
384,16,1.85
385,16,2.2
386,16,3.8
387,16,3.8
388,16,3.8
389,16,3.8
390,16,3.9
391,16,3.95
392,16,4.05
393,16,4.15
394,16,4.2
395,16,8.05
396,16,4.8
397,16,5.4
398,16,5.65
399,16,4.6
400,16,5.2
401,16,4.2
402,16,4.45
403,16,8.6
404,16,4.75
405,16,4.05
406,16,1.7
407,16,1.7
408,16,1.7
409,16,5.1
410,16,1.7
411,16,1.7
412,16,1.7
413,16,1.7
414,16,1.7
415,16,1.7
416,16,2.15
417,16,2.4
418,16,2.8
419,16,3
420,16,3.25
421,16,3.5
422,16,3.95
423,16,4.25
424,16,3.25
425,16,4.2
426,16,4.3
427,16,3.8
428,16,4.05
429,16,3.65
430,16,3.3
431,16,3.15
432,16,2.8
433,16,2.3
434,16,1.7
435,16,1.85
436,16,3.65
437,16,3.65
438,16,3.65
439,16,3.65
440,16,3.7
441,16,3.8
442,16,3.9
443,16,3.95
444,16,4.05
445,16,7.8
446,16,4.6
447,16,5.25
448,16,5.5
449,16,4.4
450,16,5
451,16,4.2
452,16,4.4
453,16,8.55
454,16,4.7
455,16,4
456,16,1.7
457,16,1.7
458,16,1.7
459,16,1.7
460,16,5.1
461,16,1.7
462,16,1.7
463,16,1.7
464,16,1.7
465,16,1.7
466,16,2
467,16,2.3
468,16,2.75
469,16,2.95
470,16,3.2
471,16,3.45
472,16,3.9
473,16,4.2
474,16,3.2
475,16,4.2
476,16,4.2
477,16,3.8
478,16,4
479,16,3.6
480,16,3.2
481,16,3.1
482,16,2.75
483,16,2.2
484,16,1.7
485,16,1.8
486,16,3.6
487,16,3.6
488,16,3.6
489,16,3.6
490,16,3.65
491,16,3.7
492,16,3.85
493,16,3.9
494,16,4
495,16,7.65
496,16,4.6
497,16,5.2
498,16,5.45
499,16,4.4
500,16,4.95
501,16,4.1
502,16,4.3
503,16,8.45
504,16,4.6
505,16,4
506,16,1.7
507,16,1.7
508,16,1.7
509,16,1.7
510,16,1.7
511,16,5.1
512,16,1.7
513,16,1.7
514,16,1.7
515,16,1.7
516,16,1.85
517,16,2.15
518,16,2.6
519,16,2.85
520,16,3.1
521,16,3.4
522,16,3.8
523,16,4.15
524,16,3.15
525,16,4.1
526,16,4.2
527,16,3.75
528,16,3.9
529,16,3.6
530,16,3.2
531,16,3.05
532,16,2.6
533,16,2.05
534,16,1.7
535,16,1.7
536,16,3.4
537,16,3.4
538,16,3.4
539,16,3.4
540,16,3.6
541,16,3.6
542,16,3.8
543,16,3.8
544,16,3.95
545,16,7.55
546,16,4.5
547,16,5.15
548,16,5.4
549,16,4.35
550,16,4.9
551,16,4
552,16,4.2
553,16,8.35
554,16,4.5
555,16,3.85
556,16,2.4
557,16,2.05
558,16,1.8
559,16,1.7
560,16,1.7
561,16,1.7
562,16,5.1
563,16,1.7
564,16,1.7
565,16,1.7
566,16,1.7
567,16,2
568,16,2.4
569,16,2.7
570,16,3
571,16,3.25
572,16,3.7
573,16,4
574,16,3
575,16,4
576,16,4.2
577,16,3.75
578,16,3.8
579,16,3.6
580,16,3.2
581,16,3.05
582,16,2.55
583,16,1.7
584,16,1.7
585,16,1.7
586,16,3.2
587,16,3.2
588,16,3.2
589,16,3.2
590,16,3.4
591,16,3.45
592,16,3.65
593,16,3.7
594,16,3.8
595,16,7.35
596,16,4.4
597,16,5
598,16,5.25
599,16,4.35
600,16,4.9
601,16,3.9
602,16,4.15
603,16,8.25
604,16,4.4
605,16,3.8
606,16,2.55
607,16,2.25
608,16,2
609,16,1.7
610,16,1.7
611,16,1.7
612,16,1.7
613,16,5.1
614,16,1.7
615,16,1.7
616,16,1.7
617,16,1.7
618,16,2.2
619,16,2.55
620,16,2.95
621,16,3.2
622,16,3.6
623,16,3.95
624,16,2.95
625,16,3.9
626,16,4.2
627,16,3.8
628,16,3.75
629,16,3.6
630,16,3.2
631,16,3.1
632,16,2.7
633,16,2.15
634,16,1.7
635,16,1.7
636,16,3.05
637,16,3.05
638,16,3.05
639,16,3.05
640,16,3.2
641,16,3.3
642,16,3.5
643,16,3.6
644,16,3.75
645,16,7.05
646,16,4.3
647,16,4.95
648,16,5.2
649,16,4.4
650,16,4.95
651,16,3.9
652,16,4.15
653,16,8.25
654,16,4.4
655,16,3.8
656,16,2.55
657,16,2.25
658,16,2
659,16,1.7
660,16,1.7
661,16,1.7
662,16,1.7
663,16,1.7
664,16,5.1
665,16,1.7
666,16,1.7
667,16,1.7
668,16,2.2
669,16,2.55
670,16,2.95
671,16,3.2
672,16,3.6
673,16,3.95
674,16,2.95
675,16,3.9
676,16,4.2
677,16,3.8
678,16,3.75
679,16,3.6
680,16,3.2
681,16,3.1
682,16,2.7
683,16,2.15
684,16,1.7
685,16,1.7
686,16,3.05
687,16,3.05
688,16,3.05
689,16,3.05
690,16,3.2
691,16,3.3
692,16,3.5
693,16,3.6
694,16,3.75
695,16,7.05
696,16,4.3
697,16,4.95
698,16,5.2
699,16,4.4
700,16,4.95
701,16,3.9
702,16,4.15
703,16,8.25
704,16,4.4
705,16,3.8
706,16,2.55
707,16,2.25
708,16,2
709,16,1.7
710,16,1.7
711,16,1.7
712,16,1.7
713,16,1.7
714,16,1.7
715,16,5.1
716,16,1.7
717,16,1.7
718,16,2.2
719,16,2.55
720,16,2.95
721,16,3.2
722,16,3.6
723,16,3.95
724,16,2.95
725,16,3.9
726,16,4.2
727,16,3.8
728,16,3.75
729,16,3.6
730,16,3.2
731,16,3.1
732,16,2.7
733,16,2.15
734,16,1.7
735,16,1.7
736,16,3.05
737,16,3.05
738,16,3.05
739,16,3.05
740,16,3.2
741,16,3.3
742,16,3.5
743,16,3.6
744,16,3.75
745,16,7.05
746,16,4.3
747,16,4.95
748,16,5.2
749,16,4.4
750,16,4.95
751,16,4.15
752,16,4.4
753,16,8.5
754,16,4.65
755,16,3.55
756,16,2.8
757,16,2.65
758,16,2.4
759,16,2.15
760,16,2
761,16,1.85
762,16,1.7
763,16,1.7
764,16,1.7
765,16,1.7
766,16,5.1
767,16,1.7
768,16,1.7
769,16,2.15
770,16,2.55
771,16,2.95
772,16,3.4
773,16,3.7
774,16,2.55
775,16,3.65
776,16,4.4
777,16,3.9
778,16,4
779,16,3.75
780,16,3.4
781,16,3.2
782,16,2.9
783,16,2.4
784,16,1.75
785,16,1.7
786,16,3.4
787,16,3.4
788,16,3.4
789,16,3.4
790,16,3.6
791,16,3.7
792,16,3.8
793,16,3.85
794,16,4
795,16,7.05
796,16,4.1
797,16,4.75
798,16,4.95
799,16,4.5
800,16,5.05
801,16,4.3
802,16,4.55
803,16,8.65
804,16,4.8
805,16,3.35
806,16,3
807,16,2.8
808,16,2.7
809,16,2.4
810,16,2.3
811,16,2.15
812,16,2
813,16,1.7
814,16,1.7
815,16,1.7
816,16,1.7
817,16,5.1
818,16,1.7
819,16,1.7
820,16,2.25
821,16,2.65
822,16,3.2
823,16,3.55
824,16,2.25
825,16,3.5
826,16,4.55
827,16,4.1
828,16,4.15
829,16,3.9
830,16,3.55
831,16,3.4
832,16,3.1
833,16,2.75
834,16,2
835,16,1.9
836,16,3.7
837,16,3.7
838,16,3.7
839,16,3.7
840,16,3.8
841,16,3.85
842,16,4
843,16,4.05
844,16,4.2
845,16,5.35
846,16,3.9
847,16,4.55
848,16,4.8
849,16,4.7
850,16,5.25
851,16,4.6
852,16,4.8
853,16,8.95
854,16,5.1
855,16,3.15
856,16,3.3
857,16,3.1
858,16,2.95
859,16,2.8
860,16,2.75
861,16,2.6
862,16,2.4
863,16,2.2
864,16,2.2
865,16,2.2
866,16,1.7
867,16,1.7
868,16,5.1
869,16,1.7
870,16,1.7
871,16,2.25
872,16,2.9
873,16,3.25
874,16,1.7
875,16,3.25
876,16,4.8
877,16,4.35
878,16,4.4
879,16,4.15
880,16,3.8
881,16,3.65
882,16,3.35
883,16,3
884,16,2.4
885,16,2.35
886,16,4
887,16,4
888,16,4
889,16,4
890,16,4.1
891,16,4.1
892,16,4.25
893,16,4.35
894,16,4.4
895,16,7.05
896,16,3.65
897,16,4.3
898,16,4.5
899,16,4.95
900,16,5.5
901,16,4.8
902,16,5
903,16,9.15
904,16,5.3
905,16,1.7
906,16,3.5
907,16,3.3
908,16,3.15
909,16,3
910,16,2.95
911,16,2.85
912,16,2.7
913,16,2.55
914,16,2.55
915,16,2.55
916,16,2.15
917,16,1.7
918,16,1.7
919,16,5.1
920,16,1.7
921,16,1.7
922,16,1.7
923,16,1.7
924,16,1.7
925,16,1.7
926,16,5
927,16,4.55
928,16,4.6
929,16,4.4
930,16,4
931,16,3.85
932,16,3.55
933,16,3.2
934,16,2.75
935,16,2.7
936,16,4.2
937,16,4.2
938,16,4.2
939,16,4.2
940,16,4.3
941,16,4.35
942,16,4.45
943,16,4.55
944,16,4.6
945,16,7.05
946,16,3.4
947,16,4.1
948,16,4.3
949,16,5.15
950,16,5.7
951,16,5
952,16,5.25
953,16,9.4
954,16,5.6
955,16,3.15
956,16,3.75
957,16,3.55
958,16,3.4
959,16,3.25
960,16,3.2
961,16,3.1
962,16,3
963,16,2.95
964,16,2.95
965,16,2.95
966,16,2.55
967,16,2.25
968,16,1.7
969,16,1.7
970,16,5.1
971,16,1.7
972,16,1.7
973,16,1.7
974,16,1.7
975,16,3.3
976,16,5.25
977,16,4.8
978,16,4.85
979,16,4.6
980,16,4.25
981,16,4.15
982,16,3.8
983,16,3.45
984,16,3
985,16,3
986,16,4.45
987,16,4.45
988,16,4.45
989,16,4.45
990,16,4.55
991,16,4.6
992,16,4.7
993,16,4.8
994,16,4.9
995,16,7.6
996,16,3.2
997,16,3.8
998,16,4.05
999,16,5.4
1000,16,5.95
1001,16,5.3
1002,16,5.55
1003,16,9.65
1004,16,5.8
1005,16,3.4
1006,16,4
1007,16,3.8
1008,16,3.65
1009,16,3.5
1010,16,3.45
1011,16,3.4
1012,16,3.25
1013,16,3.2
1014,16,3.2
1015,16,3.2
1016,16,2.95
1017,16,2.65
1018,16,2.25
1019,16,1.7
1020,16,1.7
1021,16,5.1
1022,16,1.7
1023,16,1.7
1024,16,2.3
1025,16,3.55
1026,16,5.55
1027,16,5.05
1028,16,5.15
1029,16,4.9
1030,16,4.5
1031,16,4.4
1032,16,4.05
1033,16,3.75
1034,16,3.25
1035,16,3.25
1036,16,4.75
1037,16,4.75
1038,16,4.75
1039,16,4.75
1040,16,4.8
1041,16,4.85
1042,16,5
1043,16,5
1044,16,5.15
1045,16,8
1046,16,1.7
1047,16,3.6
1048,16,3.8
1049,16,5.65
1050,16,6.2
1051,16,5.75
1052,16,6
1053,16,10.1
1054,16,6.25
1055,16,3.8
1056,16,4.45
1057,16,4.25
1058,16,4.1
1059,16,3.95
1060,16,3.9
1061,16,3.8
1062,16,3.7
1063,16,3.6
1064,16,3.6
1065,16,3.6
1066,16,3.4
1067,16,3.2
1068,16,2.9
1069,16,1.7
1070,16,1.7
1071,16,1.7
1072,16,5.1
1073,16,1.7
1074,16,2.95
1075,16,4
1076,16,5.95
1077,16,5.5
1078,16,5.6
1079,16,5.35
1080,16,4.95
1081,16,4.8
1082,16,4.5
1083,16,4.2
1084,16,3.7
1085,16,3.7
1086,16,5.2
1087,16,5.2
1088,16,5.2
1089,16,5.2
1090,16,5.2
1091,16,5.25
1092,16,5.4
1093,16,5.45
1094,16,5.6
1095,16,8.6
1096,16,1.7
1097,16,3.15
1098,16,3.35
1099,16,6.1
1100,16,6.65
1101,16,6
1102,16,6.25
1103,16,10.4
1104,16,6.55
1105,16,4.15
1106,16,4.75
1107,16,4.6
1108,16,4.4
1109,16,4.25
1110,16,4.2
1111,16,4.15
1112,16,4
1113,16,3.95
1114,16,3.95
1115,16,3.95
1116,16,3.7
1117,16,3.55
1118,16,3.25
1119,16,1.7
1120,16,1.7
1121,16,1.7
1122,16,1.7
1123,16,5.1
1124,16,3.3
1125,16,4.3
1126,16,6.25
1127,16,5.8
1128,16,5.85
1129,16,5.6
1130,16,5.25
1131,16,5.15
1132,16,4.8
1133,16,4.45
1134,16,4
1135,16,4
1136,16,5.45
1137,16,5.45
1138,16,5.45
1139,16,5.45
1140,16,5.55
1141,16,5.6
1142,16,5.7
1143,16,5.8
1144,16,5.9
1145,16,8.9
1146,16,1.7
1147,16,2.7
1148,16,3.05
1149,16,6.4
1150,16,7
1151,16,5
1152,16,5.25
1153,16,9.4
1154,16,5.55
1155,16,1.7
1156,16,3.75
1157,16,3.55
1158,16,3.4
1159,16,3.25
1160,16,3.2
1161,16,3.15
1162,16,3
1163,16,2.95
1164,16,2.95
1165,16,2.95
1166,16,2.55
1167,16,2.25
1168,16,1.7
1169,16,1.7
1170,16,1.7
1171,16,2.3
1172,16,2.95
1173,16,3.3
1174,16,5.1
1175,16,1.7
1176,16,5.25
1177,16,4.8
1178,16,4.85
1179,16,4.6
1180,16,4.25
1181,16,4.15
1182,16,3.8
1183,16,3.45
1184,16,3
1185,16,3
1186,16,4.45
1187,16,4.45
1188,16,4.45
1189,16,4.45
1190,16,4.55
1191,16,4.6
1192,16,4.7
1193,16,4.8
1194,16,4.9
1195,16,7.6
1196,16,3.7
1197,16,4.35
1198,16,4.55
1199,16,5.4
1200,16,6
1201,16,6
1202,16,6.25
1203,16,10.4
1204,16,6.55
1205,16,1.7
1206,16,4.75
1207,16,4.55
1208,16,4.4
1209,16,4.2
1210,16,4.2
1211,16,4.1
1212,16,4
1213,16,3.9
1214,16,3.9
1215,16,3.9
1216,16,3.65
1217,16,3.5
1218,16,3.25
1219,16,1.7
1220,16,3.3
1221,16,3.55
1222,16,4
1223,16,4.3
1224,16,1.7
1225,16,5.1
1226,16,6.25
1227,16,5.8
1228,16,5.85
1229,16,5.6
1230,16,5.25
1231,16,5.1
1232,16,4.8
1233,16,4.45
1234,16,4
1235,16,4
1236,16,5.45
1237,16,5.45
1238,16,5.45
1239,16,5.45
1240,16,5.5
1241,16,5.6
1242,16,5.7
1243,16,5.75
1244,16,5.85
1245,16,8.85
1246,16,4.65
1247,16,5.3
1248,16,5.55
1249,16,6.4
1250,16,6.95
1251,16,6.4
1252,16,6.6
1253,16,10.75
1254,16,6.9
1255,16,6.1
1256,16,4.8
1257,16,4.6
1258,16,4.45
1259,16,4.3
1260,16,4.2
1261,16,4.2
1262,16,4.2
1263,16,4.2
1264,16,4.2
1265,16,4.2
1266,16,4.4
1267,16,4.55
1268,16,4.8
1269,16,5
1270,16,5.25
1271,16,5.55
1272,16,5.95
1273,16,6.25
1274,16,5.25
1275,16,6.25
1276,16,5.1
1277,16,1.7
1278,16,6.2
1279,16,1.7
1280,16,1.7
1281,16,1.7
1282,16,3.25
1283,16,3.6
1284,16,4.1
1285,16,4.35
1286,16,5.8
1287,16,5.8
1288,16,5.8
1289,16,5.8
1290,16,5.9
1291,16,5.95
1292,16,6.05
1293,16,6.15
1294,16,6.2
1295,16,9.9
1296,16,6.65
1297,16,7.3
1298,16,7.5
1299,16,1.7
1300,16,1.7
1301,16,5.95
1302,16,6.15
1303,16,10.3
1304,16,6.45
1305,16,5.6
1306,16,4.3
1307,16,4.15
1308,16,4
1309,16,3.8
1310,16,3.8
1311,16,3.75
1312,16,3.75
1313,16,3.8
1314,16,3.8
1315,16,3.8
1316,16,3.9
1317,16,4.1
1318,16,4.35
1319,16,4.55
1320,16,4.8
1321,16,5.05
1322,16,5.5
1323,16,5.8
1324,16,4.8
1325,16,5.8
1326,16,1.7
1327,16,5.1
1328,16,5.75
1329,16,1.7
1330,16,1.7
1331,16,1.7
1332,16,2.7
1333,16,3.15
1334,16,3.6
1335,16,3.9
1336,16,5.35
1337,16,5.35
1338,16,5.35
1339,16,5.35
1340,16,5.4
1341,16,5.45
1342,16,5.6
1343,16,5.65
1344,16,5.8
1345,16,9.45
1346,16,6.2
1347,16,6.8
1348,16,7.05
1349,16,1.7
1350,16,3
1351,16,2.85
1352,16,2.85
1353,16,7.1
1354,16,3.3
1355,16,5.7
1356,16,4.55
1357,16,4.35
1358,16,4.2
1359,16,4.05
1360,16,4
1361,16,3.9
1362,16,3.8
1363,16,3.75
1364,16,3.75
1365,16,3.75
1366,16,4
1367,16,4.15
1368,16,4.4
1369,16,4.6
1370,16,4.85
1371,16,5.15
1372,16,5.6
1373,16,5.85
1374,16,4.85
1375,16,5.85
1376,16,6.2
1377,16,5.75
1378,16,5.1
1379,16,5.6
1380,16,5.2
1381,16,5.05
1382,16,4.75
1383,16,4.4
1384,16,3.95
1385,16,3.65
1386,16,3.2
1387,16,3.2
1388,16,3.2
1389,16,3.2
1390,16,3.05
1391,16,2.95
1392,16,2.85
1393,16,2.85
1394,16,2.85
1395,16,9.5
1396,16,6.25
1397,16,6.9
1398,16,7.1
1399,16,6.35
1400,16,6.95
1401,16,5.75
1402,16,6
1403,16,10.1
1404,16,6.25
1405,16,5.45
1406,16,4.15
1407,16,4
1408,16,3.8
1409,16,3.65
1410,16,3.6
1411,16,3.6
1412,16,3.6
1413,16,3.6
1414,16,3.6
1415,16,3.6
1416,16,3.75
1417,16,3.9
1418,16,4.15
1419,16,4.4
1420,16,4.6
1421,16,4.9
1422,16,5.35
1423,16,5.6
1424,16,4.6
1425,16,5.6
1426,16,1.7
1427,16,1.7
1428,16,5.6
1429,16,5.1
1430,16,1.7
1431,16,1.7
1432,16,1.7
1433,16,1.7
1434,16,3.45
1435,16,3.7
1436,16,5.2
1437,16,5.2
1438,16,5.2
1439,16,5.2
1440,16,5.25
1441,16,5.3
1442,16,5.4
1443,16,5.5
1444,16,5.6
1445,16,9.25
1446,16,6
1447,16,6.65
1448,16,6.85
1449,16,1.7
1450,16,3.15
1451,16,5.4
1452,16,5.6
1453,16,9.75
1454,16,5.9
1455,16,5.1
1456,16,3.8
1457,16,3.6
1458,16,3.45
1459,16,3.3
1460,16,3.2
1461,16,3.2
1462,16,3.2
1463,16,3.2
1464,16,3.2
1465,16,3.2
1466,16,3.4
1467,16,3.55
1468,16,3.8
1469,16,4
1470,16,4.25
1471,16,4.5
1472,16,4.95
1473,16,5.25
1474,16,4.25
1475,16,5.25
1476,16,1.7
1477,16,1.7
1478,16,5.2
1479,16,1.7
1480,16,5.1
1481,16,1.7
1482,16,1.7
1483,16,1.7
1484,16,3.05
1485,16,3.4
1486,16,4.8
1487,16,4.8
1488,16,4.8
1489,16,4.8
1490,16,4.85
1491,16,4.95
1492,16,5.05
1493,16,5.1
1494,16,5.2
1495,16,8.9
1496,16,5.65
1497,16,6.3
1498,16,6.5
1499,16,2.95
1500,16,3.5
1501,16,5.25
1502,16,5.45
1503,16,9.6
1504,16,5.8
1505,16,4.95
1506,16,3.6
1507,16,3.45
1508,16,3.3
1509,16,3.15
1510,16,3.1
1511,16,3.05
1512,16,3.05
1513,16,3.1
1514,16,3.1
1515,16,3.1
1516,16,3.2
1517,16,3.4
1518,16,3.65
1519,16,3.85
1520,16,4.15
1521,16,4.4
1522,16,4.8
1523,16,5.15
1524,16,4.15
1525,16,5.1
1526,16,1.7
1527,16,1.7
1528,16,5.05
1529,16,1.7
1530,16,1.7
1531,16,5.1
1532,16,1.7
1533,16,1.7
1534,16,2.85
1535,16,3.2
1536,16,4.65
1537,16,4.65
1538,16,4.65
1539,16,4.65
1540,16,4.75
1541,16,4.8
1542,16,4.9
1543,16,5
1544,16,5.1
1545,16,8.8
1546,16,5.5
1547,16,6.15
1548,16,6.4
1549,16,3.1
1550,16,3.65
1551,16,4.95
1552,16,5.15
1553,16,9.3
1554,16,5.45
1555,16,4.6
1556,16,3.35
1557,16,3.15
1558,16,3
1559,16,2.8
1560,16,2.75
1561,16,2.6
1562,16,2.55
1563,16,2.7
1564,16,2.7
1565,16,2.7
1566,16,2.9
1567,16,3.1
1568,16,3.35
1569,16,3.55
1570,16,3.8
1571,16,4.05
1572,16,4.5
1573,16,4.8
1574,16,3.8
1575,16,4.8
1576,16,3.25
1577,16,2.7
1578,16,4.75
1579,16,1.7
1580,16,1.7
1581,16,1.7
1582,16,5.1
1583,16,1.7
1584,16,2.4
1585,16,2.9
1586,16,4.4
1587,16,4.4
1588,16,4.4
1589,16,4.4
1590,16,4.4
1591,16,4.45
1592,16,4.6
1593,16,4.65
1594,16,4.8
1595,16,8.45
1596,16,5.2
1597,16,5.8
1598,16,6.05
1599,16,3.4
1600,16,4
1601,16,4.6
1602,16,4.8
1603,16,8.95
1604,16,5.1
1605,16,4.3
1606,16,3
1607,16,2.8
1608,16,2.6
1609,16,2.3
1610,16,2.2
1611,16,2.05
1612,16,1.7
1613,16,2.15
1614,16,2.15
1615,16,2.15
1616,16,2.4
1617,16,2.75
1618,16,3
1619,16,3.2
1620,16,3.45
1621,16,3.75
1622,16,4.2
1623,16,4.45
1624,16,3.45
1625,16,4.45
1626,16,3.6
1627,16,3.15
1628,16,4.4
1629,16,1.7
1630,16,1.7
1631,16,1.7
1632,16,1.7
1633,16,5.1
1634,16,1.7
1635,16,2.35
1636,16,4
1637,16,4
1638,16,4
1639,16,4
1640,16,4.1
1641,16,4.15
1642,16,4.25
1643,16,4.35
1644,16,4.45
1645,16,8.1
1646,16,4.85
1647,16,5.5
1648,16,5.7
1649,16,3.75
1650,16,4.3
1651,16,4.1
1652,16,4.35
1653,16,8.45
1654,16,4.6
1655,16,3.85
1656,16,2.4
1657,16,2.1
1658,16,1.85
1659,16,1.7
1660,16,1.7
1661,16,1.7
1662,16,1.7
1663,16,1.7
1664,16,1.7
1665,16,1.7
1666,16,1.75
1667,16,2
1668,16,2.4
1669,16,2.75
1670,16,3
1671,16,3.25
1672,16,3.7
1673,16,4
1674,16,3
1675,16,4
1676,16,4.1
1677,16,3.6
1678,16,3.95
1679,16,3.45
1680,16,3.05
1681,16,2.85
1682,16,2.4
1683,16,1.7
1684,16,5.1
1685,16,1.7
1686,16,3.4
1687,16,3.4
1688,16,3.4
1689,16,3.4
1690,16,3.6
1691,16,3.65
1692,16,3.8
1693,16,3.8
1694,16,3.95
1695,16,7.4
1696,16,4.4
1697,16,5
1698,16,5.25
1699,16,4.2
1700,16,4.8
1701,16,3.8
1702,16,4.05
1703,16,8.2
1704,16,4.35
1705,16,3.85
1706,16,2.7
1707,16,2.4
1708,16,2.2
1709,16,1.85
1710,16,1.8
1711,16,1.7
1712,16,1.7
1713,16,1.7
1714,16,1.7
1715,16,1.7
1716,16,1.7
1717,16,1.9
1718,16,2.35
1719,16,2.7
1720,16,3
1721,16,3.25
1722,16,3.7
1723,16,4
1724,16,3
1725,16,4
1726,16,4.35
1727,16,3.9
1728,16,3.65
1729,16,3.7
1730,16,3.4
1731,16,3.2
1732,16,2.9
1733,16,2.35
1734,16,1.7
1735,16,5.1
1736,16,2.8
1737,16,2.8
1738,16,2.8
1739,16,2.8
1740,16,3.05
1741,16,3.15
1742,16,3.35
1743,16,3.5
1744,16,3.65
1745,16,7.3
1746,16,4.4
1747,16,5.05
1748,16,5.25
1749,16,4.5
1750,16,5.05
1751,16,3.45
1752,16,3.8
1753,16,8
1754,16,4.15
1755,16,5.3
1756,16,4.15
1757,16,4
1758,16,3.8
1759,16,3.65
1760,16,3.6
1761,16,3.4
1762,16,3.2
1763,16,3.05
1764,16,3.05
1765,16,3.05
1766,16,3.4
1767,16,3.7
1768,16,4
1769,16,4.2
1770,16,4.45
1771,16,4.75
1772,16,5.2
1773,16,5.45
1774,16,4.45
1775,16,5.45
1776,16,5.8
1777,16,5.35
1778,16,3.2
1779,16,5.2
1780,16,4.8
1781,16,4.65
1782,16,4.4
1783,16,4
1784,16,3.4
1785,16,2.8
1786,16,5.1
1787,16,1.7
1788,16,1.7
1789,16,1.7
1790,16,1.7
1791,16,1.7
1792,16,1.7
1793,16,1.7
1794,16,2.9
1795,16,9.1
1796,16,5.85
1797,16,6.5
1798,16,6.7
1799,16,5.95
1800,16,6.55
1801,16,3.45
1802,16,3.8
1803,16,8
1804,16,4.15
1805,16,5.3
1806,16,4.15
1807,16,4
1808,16,3.8
1809,16,3.65
1810,16,3.6
1811,16,3.4
1812,16,3.2
1813,16,3.05
1814,16,3.05
1815,16,3.05
1816,16,3.4
1817,16,3.7
1818,16,4
1819,16,4.2
1820,16,4.45
1821,16,4.75
1822,16,5.2
1823,16,5.45
1824,16,4.45
1825,16,5.45
1826,16,5.8
1827,16,5.35
1828,16,3.2
1829,16,5.2
1830,16,4.8
1831,16,4.65
1832,16,4.4
1833,16,4
1834,16,3.4
1835,16,2.8
1836,16,1.7
1837,16,5.1
1838,16,1.7
1839,16,1.7
1840,16,1.7
1841,16,1.7
1842,16,1.7
1843,16,1.7
1844,16,2.9
1845,16,9.1
1846,16,5.85
1847,16,6.5
1848,16,6.7
1849,16,5.95
1850,16,6.55
1851,16,3.45
1852,16,3.8
1853,16,8
1854,16,4.15
1855,16,5.3
1856,16,4.15
1857,16,4
1858,16,3.8
1859,16,3.65
1860,16,3.6
1861,16,3.4
1862,16,3.2
1863,16,3.05
1864,16,3.05
1865,16,3.05
1866,16,3.4
1867,16,3.7
1868,16,4
1869,16,4.2
1870,16,4.45
1871,16,4.75
1872,16,5.2
1873,16,5.45
1874,16,4.45
1875,16,5.45
1876,16,5.8
1877,16,5.35
1878,16,3.2
1879,16,5.2
1880,16,4.8
1881,16,4.65
1882,16,4.4
1883,16,4
1884,16,3.4
1885,16,2.8
1886,16,1.7
1887,16,1.7
1888,16,5.1
1889,16,1.7
1890,16,1.7
1891,16,1.7
1892,16,1.7
1893,16,1.7
1894,16,2.9
1895,16,9.1
1896,16,5.85
1897,16,6.5
1898,16,6.7
1899,16,5.95
1900,16,6.55
1901,16,3.45
1902,16,3.8
1903,16,8
1904,16,4.15
1905,16,5.3
1906,16,4.15
1907,16,4
1908,16,3.8
1909,16,3.65
1910,16,3.6
1911,16,3.4
1912,16,3.2
1913,16,3.05
1914,16,3.05
1915,16,3.05
1916,16,3.4
1917,16,3.7
1918,16,4
1919,16,4.2
1920,16,4.45
1921,16,4.75
1922,16,5.2
1923,16,5.45
1924,16,4.45
1925,16,5.45
1926,16,5.8
1927,16,5.35
1928,16,3.2
1929,16,5.2
1930,16,4.8
1931,16,4.65
1932,16,4.4
1933,16,4
1934,16,3.4
1935,16,2.8
1936,16,1.7
1937,16,1.7
1938,16,1.7
1939,16,5.1
1940,16,1.7
1941,16,1.7
1942,16,1.7
1943,16,1.7
1944,16,2.9
1945,16,9.1
1946,16,5.85
1947,16,6.5
1948,16,6.7
1949,16,5.95
1950,16,6.55
1951,16,3.3
1952,16,3.65
1953,16,7.9
1954,16,4.1
1955,16,5.4
1956,16,4.2
1957,16,4
1958,16,3.9
1959,16,3.7
1960,16,3.65
1961,16,3.6
1962,16,3.4
1963,16,3.2
1964,16,3.2
1965,16,3.2
1966,16,3.6
1967,16,3.8
1968,16,4.1
1969,16,4.3
1970,16,4.55
1971,16,4.8
1972,16,5.2
1973,16,5.55
1974,16,4.55
1975,16,5.5
1976,16,5.9
1977,16,5.4
1978,16,3.05
1979,16,5.25
1980,16,4.85
1981,16,4.75
1982,16,4.4
1983,16,4.1
1984,16,3.6
1985,16,3.05
1986,16,1.7
1987,16,1.7
1988,16,1.7
1989,16,1.7
1990,16,5.1
1991,16,1.7
1992,16,1.7
1993,16,1.7
1994,16,2.7
1995,16,9.2
1996,16,5.9
1997,16,6.55
1998,16,6.8
1999,16,6
2000,16,6.6
2001,16,3.2
2002,16,3.6
2003,16,7.8
2004,16,4
2005,16,5.4
2006,16,4.25
2007,16,4.05
2008,16,3.95
2009,16,3.8
2010,16,3.7
2011,16,3.6
2012,16,3.45
2013,16,3.3
2014,16,3.3
2015,16,3.3
2016,16,3.7
2017,16,3.85
2018,16,4.1
2019,16,4.35
2020,16,4.6
2021,16,4.85
2022,16,5.25
2023,16,5.6
2024,16,4.6
2025,16,5.6
2026,16,5.95
2027,16,5.45
2028,16,2.95
2029,16,5.3
2030,16,4.95
2031,16,4.8
2032,16,4.45
2033,16,4.15
2034,16,3.65
2035,16,3.15
2036,16,1.7
2037,16,1.7
2038,16,1.7
2039,16,1.7
2040,16,1.7
2041,16,5.1
2042,16,1.7
2043,16,1.7
2044,16,2.7
2045,16,9.2
2046,16,6
2047,16,6.6
2048,16,6.8
2049,16,6.05
2050,16,6.6
2051,16,3
2052,16,3.35
2053,16,7.6
2054,16,3.8
2055,16,5.55
2056,16,4.4
2057,16,4.2
2058,16,4.05
2059,16,3.9
2060,16,3.85
2061,16,3.8
2062,16,3.65
2063,16,3.5
2064,16,3.5
2065,16,3.5
2066,16,3.8
2067,16,4
2068,16,4.25
2069,16,4.45
2070,16,4.7
2071,16,5
2072,16,5.4
2073,16,5.7
2074,16,4.7
2075,16,5.7
2076,16,6.05
2077,16,5.6
2078,16,2.85
2079,16,5.4
2080,16,5.05
2081,16,4.9
2082,16,4.6
2083,16,4.25
2084,16,3.8
2085,16,3.35
2086,16,1.7
2087,16,1.7
2088,16,1.7
2089,16,1.7
2090,16,1.7
2091,16,1.7
2092,16,5.1
2093,16,1.7
2094,16,2.7
2095,16,9.35
2096,16,6.1
2097,16,6.75
2098,16,7
2099,16,6.2
2100,16,6.8
2101,16,2.85
2102,16,3.2
2103,16,7.5
2104,16,3.7
2105,16,5.6
2106,16,4.45
2107,16,4.25
2108,16,4.15
2109,16,3.95
2110,16,3.9
2111,16,3.8
2112,16,3.7
2113,16,3.6
2114,16,3.6
2115,16,3.6
2116,16,3.85
2117,16,4.05
2118,16,4.35
2119,16,4.55
2120,16,4.8
2121,16,5
2122,16,5.45
2123,16,5.8
2124,16,4.8
2125,16,5.75
2126,16,6.15
2127,16,5.65
2128,16,2.85
2129,16,5.5
2130,16,5.1
2131,16,5
2132,16,4.65
2133,16,4.35
2134,16,3.8
2135,16,3.5
2136,16,1.7
2137,16,1.7
2138,16,1.7
2139,16,1.7
2140,16,1.7
2141,16,1.7
2142,16,1.7
2143,16,5.1
2144,16,2.7
2145,16,9.4
2146,16,6.15
2147,16,6.8
2148,16,7
2149,16,6.25
2150,16,6.8
2151,16,2.85
2152,16,2.85
2153,16,7.3
2154,16,3.5
2155,16,5.75
2156,16,4.6
2157,16,4.4
2158,16,4.2
2159,16,4.05
2160,16,4
2161,16,3.95
2162,16,3.8
2163,16,3.75
2164,16,3.75
2165,16,3.75
2166,16,4
2167,16,4.2
2168,16,4.4
2169,16,4.6
2170,16,4.9
2171,16,5.15
2172,16,5.6
2173,16,5.9
2174,16,4.9
2175,16,5.85
2176,16,6.2
2177,16,5.8
2178,16,2.85
2179,16,5.6
2180,16,5.2
2181,16,5.1
2182,16,4.8
2183,16,4.45
2184,16,3.95
2185,16,3.65
2186,16,2.9
2187,16,2.9
2188,16,2.9
2189,16,2.9
2190,16,2.7
2191,16,2.7
2192,16,2.7
2193,16,2.7
2194,16,5.1
2195,16,9.55
2196,16,6.25
2197,16,6.9
2198,16,7.15
2199,16,6.4
2200,16,6.95
2201,16,9.65
2202,16,9.9
2203,16,14.05
2204,16,10.2
2205,16,8.75
2206,16,8.4
2207,16,8.2
2208,16,8.05
2209,16,7.8
2210,16,7.65
2211,16,7.55
2212,16,7.35
2213,16,7.05
2214,16,7.05
2215,16,7.05
2216,16,7.05
2217,16,5.35
2218,16,7.05
2219,16,7.05
2220,16,7.6
2221,16,8
2222,16,8.6
2223,16,8.9
2224,16,7.6
2225,16,8.85
2226,16,9.9
2227,16,9.45
2228,16,9.5
2229,16,9.25
2230,16,8.9
2231,16,8.8
2232,16,8.45
2233,16,8.1
2234,16,7.4
2235,16,7.3
2236,16,9.1
2237,16,9.1
2238,16,9.1
2239,16,9.1
2240,16,9.2
2241,16,9.2
2242,16,9.35
2243,16,9.4
2244,16,9.55
2245,16,5.1
2246,16,9.25
2247,16,9.9
2248,16,10.15
2249,16,10.05
2250,16,10.6
2251,16,6.4
2252,16,6.65
2253,16,10.8
2254,16,6.95
2255,16,4.55
2256,16,5.15
2257,16,4.95
2258,16,4.8
2259,16,4.6
2260,16,4.6
2261,16,4.5
2262,16,4.4
2263,16,4.3
2264,16,4.3
2265,16,4.3
2266,16,4.1
2267,16,3.9
2268,16,3.65
2269,16,3.4
2270,16,3.2
2271,16,1.7
2272,16,1.7
2273,16,1.7
2274,16,3.7
2275,16,4.65
2276,16,6.65
2277,16,6.2
2278,16,6.25
2279,16,6
2280,16,5.65
2281,16,5.5
2282,16,5.2
2283,16,4.85
2284,16,4.4
2285,16,4.4
2286,16,5.85
2287,16,5.85
2288,16,5.85
2289,16,5.85
2290,16,5.9
2291,16,6
2292,16,6.1
2293,16,6.15
2294,16,6.25
2295,16,9.25
2296,16,5.1
2297,16,2.1
2298,16,2.45
2299,16,6.8
2300,16,7.35
2301,16,7.05
2302,16,7.3
2303,16,11.4
2304,16,7.6
2305,16,5.2
2306,16,5.8
2307,16,5.6
2308,16,5.4
2309,16,5.25
2310,16,5.2
2311,16,5.15
2312,16,5
2313,16,4.95
2314,16,4.95
2315,16,4.95
2316,16,4.75
2317,16,4.55
2318,16,4.3
2319,16,4.1
2320,16,3.8
2321,16,3.6
2322,16,3.15
2323,16,2.7
2324,16,4.35
2325,16,5.3
2326,16,7.3
2327,16,6.8
2328,16,6.9
2329,16,6.65
2330,16,6.3
2331,16,6.15
2332,16,5.8
2333,16,5.5
2334,16,5
2335,16,5.05
2336,16,6.5
2337,16,6.5
2338,16,6.5
2339,16,6.5
2340,16,6.55
2341,16,6.6
2342,16,6.75
2343,16,6.8
2344,16,6.9
2345,16,9.9
2346,16,2.1
2347,16,5.1
2348,16,1.7
2349,16,7.4
2350,16,8
2351,16,7.25
2352,16,7.5
2353,16,11.65
2354,16,7.8
2355,16,5.4
2356,16,6
2357,16,5.8
2358,16,5.65
2359,16,5.5
2360,16,5.45
2361,16,5.4
2362,16,5.25
2363,16,5.2
2364,16,5.2
2365,16,5.2
2366,16,4.95
2367,16,4.8
2368,16,4.5
2369,16,4.3
2370,16,4.05
2371,16,3.8
2372,16,3.35
2373,16,3.05
2374,16,4.55
2375,16,5.55
2376,16,7.5
2377,16,7.05
2378,16,7.1
2379,16,6.85
2380,16,6.5
2381,16,6.4
2382,16,6.05
2383,16,5.7
2384,16,5.25
2385,16,5.25
2386,16,6.7
2387,16,6.7
2388,16,6.7
2389,16,6.7
2390,16,6.8
2391,16,6.8
2392,16,7
2393,16,7
2394,16,7.15
2395,16,10.15
2396,16,2.45
2397,16,1.7
2398,16,5.1
2399,16,7.65
2400,16,8.2
2401,16,6.55
2402,16,6.75
2403,16,10.9
2404,16,7.05
2405,16,6.2
2406,16,4.9
2407,16,4.75
2408,16,4.6
2409,16,4.4
2410,16,4.4
2411,16,4.35
2412,16,4.35
2413,16,4.4
2414,16,4.4
2415,16,4.4
2416,16,4.5
2417,16,4.7
2418,16,4.95
2419,16,5.15
2420,16,5.4
2421,16,5.65
2422,16,6.1
2423,16,6.4
2424,16,5.4
2425,16,6.4
2426,16,1.7
2427,16,1.7
2428,16,6.35
2429,16,1.7
2430,16,2.95
2431,16,3.1
2432,16,3.4
2433,16,3.75
2434,16,4.2
2435,16,4.5
2436,16,5.95
2437,16,5.95
2438,16,5.95
2439,16,5.95
2440,16,6
2441,16,6.05
2442,16,6.2
2443,16,6.25
2444,16,6.4
2445,16,10.05
2446,16,6.8
2447,16,7.4
2448,16,7.65
2449,16,5.1
2450,16,1.7
2451,16,7.1
2452,16,7.3
2453,16,11.45
2454,16,7.6
2455,16,6.8
2456,16,5.5
2457,16,5.3
2458,16,5.2
2459,16,5
2460,16,4.95
2461,16,4.9
2462,16,4.9
2463,16,4.95
2464,16,4.95
2465,16,4.95
2466,16,5.05
2467,16,5.25
2468,16,5.5
2469,16,5.7
2470,16,5.95
2471,16,6.2
2472,16,6.65
2473,16,7
2474,16,6
2475,16,6.95
2476,16,1.7
2477,16,3
2478,16,6.95
2479,16,3.15
2480,16,3.5
2481,16,3.65
2482,16,4
2483,16,4.3
2484,16,4.8
2485,16,5.05
2486,16,6.55
2487,16,6.55
2488,16,6.55
2489,16,6.55
2490,16,6.6
2491,16,6.6
2492,16,6.8
2493,16,6.8
2494,16,6.95
2495,16,10.6
2496,16,7.35
2497,16,8
2498,16,8.2
2499,16,1.7
2500,16,5.1